-- Database backup created on 2025-06-09T06:04:38.877Z
-- Critical tables export

-- Table: users
DELETE FROM "users";
INSERT INTO "users" ("id", "username", "email", "password", "role", "created_at", "updated_at", "is_banned", "ban_reason", "banned_at", "is_system", "character_order", "highlight_words", "highlight_color", "can_narrate", "narrator_color") VALUES (2, 'TesterUživatel', 'uzivatel@test.cz', '$2b$12$Okcf.DowH1COuMfi7EkfpuCM1b2fS2rLV/aDN/EQvOzbZWtFGsXNO', 'user', '2025-05-28T14:17:03.060Z', '2025-05-28T14:17:03.060Z', false, NULL, NULL, false, NULL, NULL, 'yellow', false, 'yellow');
INSERT INTO "users" ("id", "username", "email", "password", "role", "created_at", "updated_at", "is_banned", "ban_reason", "banned_at", "is_system", "character_order", "highlight_words", "highlight_color", "can_narrate", "narrator_color") VALUES (5, 'Casey', 'caseylottebenett@gmail.com', '$2b$10$/0E4W5VSCEqr6y7hv5quY.bNZmSohdQawWyEm/5GPO/iHqXVKtgF.', 'admin', '2025-05-30T06:47:39.331Z', '2025-06-08T14:46:54.271Z', false, NULL, NULL, false, '[6,7]', 'Kira', 'blue', false, 'pink');
INSERT INTO "users" ("id", "username", "email", "password", "role", "created_at", "updated_at", "is_banned", "ban_reason", "banned_at", "is_system", "character_order", "highlight_words", "highlight_color", "can_narrate", "narrator_color") VALUES (13, 'TestAdmin', 'test@tester.cz', '$2b$10$U0ODMRTDg8ujDe/vzbtWuum.Ke8JQ8ZHPQ1IVNNHBN4Fht27dG47K', 'user', '2025-06-08T15:11:13.427Z', '2025-06-08T15:11:13.408Z', false, NULL, NULL, false, NULL, NULL, 'yellow', false, 'yellow');
INSERT INTO "users" ("id", "username", "email", "password", "role", "created_at", "updated_at", "is_banned", "ban_reason", "banned_at", "is_system", "character_order", "highlight_words", "highlight_color", "can_narrate", "narrator_color") VALUES (6, 'Systém', 'system@rpg-realm.cz', 'system_password_hash', 'system', '2025-05-31T22:40:28.734Z', '2025-05-31T22:40:28.734Z', false, NULL, NULL, true, NULL, NULL, 'yellow', false, 'yellow');
INSERT INTO "users" ("id", "username", "email", "password", "role", "created_at", "updated_at", "is_banned", "ban_reason", "banned_at", "is_system", "character_order", "highlight_words", "highlight_color", "can_narrate", "narrator_color") VALUES (11, 'Jouza', 'jouza@bouza.cz', '$2b$10$fRXjyfnMA92o9uAfypuvFebWahitp4.6B/G6BMfTTppnSSG8431EG', 'user', '2025-06-08T15:03:04.991Z', '2025-06-08T15:29:55.048Z', false, NULL, NULL, false, NULL, 'Jožin,jožin,jozin', 'green', false, 'yellow');
INSERT INTO "users" ("id", "username", "email", "password", "role", "created_at", "updated_at", "is_banned", "ban_reason", "banned_at", "is_system", "character_order", "highlight_words", "highlight_color", "can_narrate", "narrator_color") VALUES (8, 'Azeotropina', 'garfeve@gmail.com', '$2b$10$o4nn06.BxnnrnUi.1nZDDuntO8HCTJr6upRhS6dbUNXH77sCeBRRe', 'user', '2025-06-01T20:09:08.685Z', '2025-06-08T15:31:53.793Z', false, NULL, NULL, false, NULL, 'Zoe', 'yellow', false, 'yellow');
INSERT INTO "users" ("id", "username", "email", "password", "role", "created_at", "updated_at", "is_banned", "ban_reason", "banned_at", "is_system", "character_order", "highlight_words", "highlight_color", "can_narrate", "narrator_color") VALUES (12, 'Maky', 'test@test.cz', '$2b$10$zO8sCqijV96Xmhlbp2Sj4OGwxGX/1a9dTDoX.LXTVO8QQpdfE0skm', 'user', '2025-06-08T15:04:46.951Z', '2025-06-08T15:32:12.352Z', false, NULL, NULL, false, NULL, 'Matt', 'red', false, 'yellow');
INSERT INTO "users" ("id", "username", "email", "password", "role", "created_at", "updated_at", "is_banned", "ban_reason", "banned_at", "is_system", "character_order", "highlight_words", "highlight_color", "can_narrate", "narrator_color") VALUES (9, 'Areida', 'terezakoulova.ns@gmail.com', '$2b$10$sJo/1RXIslIkTh3AWJFSJePEPhhckmGuEWMSOgYN6FtwePn319HEW', 'user', '2025-06-01T20:15:46.874Z', '2025-06-01T20:15:46.864Z', false, NULL, NULL, false, NULL, NULL, 'yellow', false, 'yellow');
INSERT INTO "users" ("id", "username", "email", "password", "role", "created_at", "updated_at", "is_banned", "ban_reason", "banned_at", "is_system", "character_order", "highlight_words", "highlight_color", "can_narrate", "narrator_color") VALUES (7, 'NáhodnýTester', 'tester01@tester.cz', '$2b$10$uHnNbx6FE4u.0zcLfhVzruBYXeUtn0e1JUoiMPjbapw0AjHdtew1G', 'user', '2025-06-01T19:43:12.349Z', '2025-06-01T19:43:12.340Z', false, NULL, NULL, false, NULL, NULL, 'yellow', false, 'yellow');
INSERT INTO "users" ("id", "username", "email", "password", "role", "created_at", "updated_at", "is_banned", "ban_reason", "banned_at", "is_system", "character_order", "highlight_words", "highlight_color", "can_narrate", "narrator_color") VALUES (1, 'TesterAdmin', 'admin@test.cz', '$2b$10$g1eFjaXX//.opwGGtwk2E./nBrTtbtESyjTDunqxmiCUHvBa5pUIC', 'admin', '2025-05-28T14:16:58.233Z', '2025-06-01T18:26:48.395Z', false, NULL, NULL, false, '[1,2,9]', 'Kolo,Gandalf,gandalf ', 'green', true, 'pink');
INSERT INTO "users" ("id", "username", "email", "password", "role", "created_at", "updated_at", "is_banned", "ban_reason", "banned_at", "is_system", "character_order", "highlight_words", "highlight_color", "can_narrate", "narrator_color") VALUES (10, 'Rinorry', 'rinorry.daniels@seznam.cz', '$2b$10$MX1rWzbAm8e45PZZERyzIOswmglV9aUFux7W6pnvboQzTT/R831bK', 'user', '2025-06-08T14:37:54.356Z', '2025-06-08T14:37:54.337Z', false, NULL, NULL, false, NULL, NULL, 'yellow', false, 'yellow');

-- Table: characters
DELETE FROM "characters";
INSERT INTO "characters" ("id", "user_id", "first_name", "middle_name", "last_name", "birth_date", "is_active", "created_at", "updated_at", "school", "description", "death_date", "death_reason", "avatar", "height", "weight", "height_set_at", "school_set_at", "residence", "is_system", "character_history", "show_history_to_others") VALUES (17, 12, 'Matthew', 'Elias', 'Parker', '1900-10-12T00:00:00.000Z', true, '2025-06-08T15:04:47.049Z', '2025-06-08T15:19:45.225Z', 'Bradavice', '', NULL, NULL, NULL, 178, 76, '2025-06-08T15:19:45.225Z', '2025-06-08T15:19:45.225Z', NULL, false, NULL, true);
INSERT INTO "characters" ("id", "user_id", "first_name", "middle_name", "last_name", "birth_date", "is_active", "created_at", "updated_at", "school", "description", "death_date", "death_reason", "avatar", "height", "weight", "height_set_at", "school_set_at", "residence", "is_system", "character_history", "show_history_to_others") VALUES (13, 8, 'Zoe', '', 'Higgins', '1900-01-01T00:00:00.000Z', true, '2025-06-01T20:09:08.736Z', '2025-06-08T15:33:42.047Z', NULL, NULL, NULL, NULL, NULL, NULL, NULL, NULL, NULL, 'Tady je Bubákovo', false, NULL, true);
INSERT INTO "characters" ("id", "user_id", "first_name", "middle_name", "last_name", "birth_date", "is_active", "created_at", "updated_at", "school", "description", "death_date", "death_reason", "avatar", "height", "weight", "height_set_at", "school_set_at", "residence", "is_system", "character_history", "show_history_to_others") VALUES (16, 11, 'Jožin', 'Z', 'Bažin', '1860-01-01T00:00:00.000Z', true, '2025-06-08T15:03:05.085Z', '2025-06-08T15:44:02.264Z', 'Domácí vzdělávání', 'Je fakt hnusny hajzl, <b>nechcete</b> se snim kamaradit faktycki', NULL, NULL, NULL, 250, 300, '2025-06-08T15:16:42.967Z', '2025-06-08T15:16:42.967Z', 'Londýn - Ubytovna U starého Šeptáka', false, 'Narodil se v bažině 

Snědl čaroděje 

Nabyl kouzelných schopností 

Teď jde jíst čarodějů víc ', true);
INSERT INTO "characters" ("id", "user_id", "first_name", "middle_name", "last_name", "birth_date", "is_active", "created_at", "updated_at", "school", "description", "death_date", "death_reason", "avatar", "height", "weight", "height_set_at", "school_set_at", "residence", "is_system", "character_history", "show_history_to_others") VALUES (20, 1, 'Bažina', '', 'Jóžová', '1900-01-01T00:00:00.000Z', true, '2025-06-08T15:44:22.859Z', '2025-06-08T15:44:22.859Z', 'Vysoká škola života ', 'To byste chtěli vědět hajzli', NULL, NULL, NULL, NULL, NULL, NULL, NULL, NULL, false, NULL, true);
INSERT INTO "characters" ("id", "user_id", "first_name", "middle_name", "last_name", "birth_date", "is_active", "created_at", "updated_at", "school", "description", "death_date", "death_reason", "avatar", "height", "weight", "height_set_at", "school_set_at", "residence", "is_system", "character_history", "show_history_to_others") VALUES (19, 6, 'Správa', NULL, 'ubytování', '1900-01-01T00:00:00.000Z', true, '2025-06-08T15:42:02.411Z', '2025-06-08T15:48:22.709Z', '', 'Systémová postava pro správu ubytování', NULL, NULL, NULL, NULL, NULL, NULL, NULL, 'Londýn - Ubytovna U starého Šeptáka', true, NULL, true);
INSERT INTO "characters" ("id", "user_id", "first_name", "middle_name", "last_name", "birth_date", "is_active", "created_at", "updated_at", "school", "description", "death_date", "death_reason", "avatar", "height", "weight", "height_set_at", "school_set_at", "residence", "is_system", "character_history", "show_history_to_others") VALUES (15, 10, 'Shantae', '', 'Okoro', '1902-04-02T00:00:00.000Z', true, '2025-06-08T14:37:54.459Z', '2025-06-08T15:49:28.756Z', 'Uagadou', '', NULL, NULL, NULL, 160, 55, '2025-06-08T15:49:28.756Z', '2025-06-08T15:49:28.756Z', NULL, false, NULL, true);
INSERT INTO "characters" ("id", "user_id", "first_name", "middle_name", "last_name", "birth_date", "is_active", "created_at", "updated_at", "school", "description", "death_date", "death_reason", "avatar", "height", "weight", "height_set_at", "school_set_at", "residence", "is_system", "character_history", "show_history_to_others") VALUES (8, 1, 'Mrtvý', '', 'Skřet', '1860-06-14T00:00:00.000Z', false, '2025-05-30T11:10:39.360Z', '2025-05-30T12:27:51.733Z', '', '', '2025-05-30T00:00:00.000Z', 'tester', NULL, NULL, NULL, NULL, NULL, NULL, false, NULL, true);
INSERT INTO "characters" ("id", "user_id", "first_name", "middle_name", "last_name", "birth_date", "is_active", "created_at", "updated_at", "school", "description", "death_date", "death_reason", "avatar", "height", "weight", "height_set_at", "school_set_at", "residence", "is_system", "character_history", "show_history_to_others") VALUES (1, 1, 'Gandalf', 'the', 'Grey', '1880-01-15T00:00:00.000Z', false, '2025-05-28T14:17:30.390Z', '2025-05-31T20:27:10.463Z', 'Domácí vzdělávání', '...', NULL, NULL, NULL, 190, 80, '2025-05-31T20:27:10.463Z', '2025-05-31T20:27:10.463Z', NULL, false, NULL, true);
INSERT INTO "characters" ("id", "user_id", "first_name", "middle_name", "last_name", "birth_date", "is_active", "created_at", "updated_at", "school", "description", "death_date", "death_reason", "avatar", "height", "weight", "height_set_at", "school_set_at", "residence", "is_system", "character_history", "show_history_to_others") VALUES (9, 1, 'Sám', '', 'Doma', '1899-12-08T00:00:00.000Z', false, '2025-05-30T21:49:10.672Z', '2025-05-31T23:24:38.066Z', 'Bradavice', '', NULL, NULL, NULL, NULL, NULL, NULL, NULL, 'někde v háji', false, NULL, true);
INSERT INTO "characters" ("id", "user_id", "first_name", "middle_name", "last_name", "birth_date", "is_active", "created_at", "updated_at", "school", "description", "death_date", "death_reason", "avatar", "height", "weight", "height_set_at", "school_set_at", "residence", "is_system", "character_history", "show_history_to_others") VALUES (2, 1, 'Aragorn', NULL, 'Ranger', '1895-03-20T00:00:00.000Z', true, '2025-05-28T14:17:30.390Z', '2025-05-30T11:32:27.392Z', NULL, NULL, NULL, NULL, NULL, NULL, NULL, NULL, NULL, 'Londýn - Ubytovna U starého Šeptáka', false, NULL, true);
INSERT INTO "characters" ("id", "user_id", "first_name", "middle_name", "last_name", "birth_date", "is_active", "created_at", "updated_at", "school", "description", "death_date", "death_reason", "avatar", "height", "weight", "height_set_at", "school_set_at", "residence", "is_system", "character_history", "show_history_to_others") VALUES (12, 7, 'Příšera', 'z', 'Bažin', '1910-06-01T00:00:00.000Z', true, '2025-06-01T19:43:12.390Z', '2025-06-01T19:43:12.381Z', NULL, NULL, NULL, NULL, NULL, NULL, NULL, NULL, NULL, NULL, false, NULL, true);
INSERT INTO "characters" ("id", "user_id", "first_name", "middle_name", "last_name", "birth_date", "is_active", "created_at", "updated_at", "school", "description", "death_date", "death_reason", "avatar", "height", "weight", "height_set_at", "school_set_at", "residence", "is_system", "character_history", "show_history_to_others") VALUES (14, 9, 'Nickolas', '', 'Sinclair', '1895-01-24T00:00:00.000Z', true, '2025-06-01T20:15:46.926Z', '2025-06-01T20:15:46.917Z', NULL, NULL, NULL, NULL, NULL, NULL, NULL, NULL, NULL, NULL, false, NULL, true);
INSERT INTO "characters" ("id", "user_id", "first_name", "middle_name", "last_name", "birth_date", "is_active", "created_at", "updated_at", "school", "description", "death_date", "death_reason", "avatar", "height", "weight", "height_set_at", "school_set_at", "residence", "is_system", "character_history", "show_history_to_others") VALUES (11, 6, 'Systém', NULL, '', '1880-01-01T00:00:00.000Z', true, '2025-05-31T23:20:43.904Z', '2025-05-31T23:20:43.904Z', NULL, 'Systémová postava spravující žádosti o bydlení a ubytování', NULL, NULL, NULL, NULL, NULL, NULL, NULL, NULL, true, NULL, true);
INSERT INTO "characters" ("id", "user_id", "first_name", "middle_name", "last_name", "birth_date", "is_active", "created_at", "updated_at", "school", "description", "death_date", "death_reason", "avatar", "height", "weight", "height_set_at", "school_set_at", "residence", "is_system", "character_history", "show_history_to_others") VALUES (7, 5, 'Kira', 'Mae', 'Spencer', '1907-08-25T00:00:00.000Z', true, '2025-05-30T09:46:17.825Z', '2025-06-02T14:33:15.755Z', 'Bradavice', '', NULL, NULL, 'data:image/jpeg;base64,/9j/2wBDAAYEBQYFBAYGBQYHBwYIChAKCgkJChQODwwQFxQYGBcUFhYaHSUfGhsjHBYWICwgIyYnKSopGR8tMC0oMCUoKSj/2wBDAQcHBwoIChMKChMoGhYaKCgoKCgoKCgoKCgoKCgoKCgoKCgoKCgoKCgoKCgoKCgoKCgoKCgoKCgoKCgoKCgoKCj/wAARCACWAJYDASIAAhEBAxEB/8QAHAAAAQUBAQEAAAAAAAAAAAAABQADBAYHAgEI/8QAOxAAAgEDAgQEAwcCBQQDAAAAAQIDAAQRBSEGEjFBEyJRYRRxgQcyQlKRobEj0RUkM8HxCEPh8ERic//EABgBAAMBAQAAAAAAAAAAAAAAAAACAwEE/8QAJREAAgICAwABAwUAAAAAAAAAAAECEQMhEjFBEwQiIxQyUWFx/9oADAMBAAIRAxEAPwD5+C06i5rkCnUFIVOgtdBa7Vc12FoAaK1CvpxGuF+8amXMixISTQCaUyylj9KAO4l5myxyaIW0PMctsKhW+M5NHdJtzPKnQD1PQUsnQ8VZauCNMmuLtWtbJrgr3IAUfU1aeI5dU0+5tmCQwTHylYm5lZT1Vh0qbwxf6Xo1ipeYzSY+5GR/GaZuFk1XVhf/AArxQruOYDJ/SuaU0XjFt/0ULiK0e3uFEoxKfMce9a39lV0w0dUkEmAdmO4PyPb5Gs315XvdVZnGMtgA9K1r7P8ARzBpgMHPBOVyUbdH9xRF3Q2ZcVsI8Q6XbX0LygCOfl/1FHUejDuKxvivhxsu6KAV326f8VsN3fG3kYSIUdThk/tVf1OAOvjWx54jnKd19ce3tTct2jnS8MAnhaJyjghhTQFX3ivRI3Y3FsvKfxIOnzHp8qpDxlWIPUbVeMk0TqhsLXhX2p0DHWkRTAR3WlTjrSoA9Vc0/GteIuafRcUAeqMV455VzTmNqjXUgRST0FYAJ1VznlzknrUAV3czeLKSOlNL1pgCGnQG5uUjUZ36epqw3lqYFjiB8zdMfzT32bab8dqjkjyxIXP8UWvbfxtWlOPKh5APQCuec6dHVhhyCPCGkzZVlYg+ta3otgfA5XOcjeqZwxGY0UYrRNIPlFc6XJ2y02lpFX4j4WjfmljXB60U4H1hbaFtNvGwEP8ASc9Vz2+Wats9qJ4CMZ2rNeJtOmsbr4iIEEdR6iiX43aFX5VxZYOMis6CSPHikYJHrQXTkaWzEg5uZRuPWmY9QN1aeZskj96M6PFy2/MABncjtW3ydka4qmVPVLdH51Lb+9Zzr9iLe5YjGDvn1rTeJ4GgnaWEYB/DVJ1do7yDLYUjYn0+dPCXGQrjaspzLvXmKfmiKSFT1FcEV1ERhxSrthSrQHUFOriuVG1dAVgHrEAGg1/L4pO+EX96n3jnHIpwO59KCXc2RyL0rQIrdSa7hQkj1PSuFHM3tRSwtiWDEbmiToaKs0n7IrdY/i3bbmXl+gB/vQObiBLW/l+JtHVOc+YH3o9wi/wWnzuu2EJ/Tf8A2rNpEvby5lZGcoWJx1yM9vWoRh8j2W+T4rNZ4e4r06UqkcoDejbVoWk6pGyBkYEV81anpF/os9s08bJ8RCLiFiMFkJOCR26dDWyfZDbXOu6ZK3MT4Q3rJ43AaORTVl+veOdM0hD8XKSwH3EGTVS1njpteRo9H0o//pOdqqvH+nXdhOzRwEmR+VHI2Jqt6domtX9vdtHOVNtG8zyO3LHygAqAQepORgishjllWh3OGJq/S7aFNcvPLHdwJE4bICNlTmtC0eMtbtH+Ibb1lfAEN82HvVbB2Uk5zWv2K+GiS5xjCv7e9QiqdBm7srmuRrytFMNuqk1nGsWwikcpn/Y1tWvWC3dsxVckjcCsq1q1eCR1xzD3FPJU7JRl4UK7iIO3Tt7VGIoxfoFVWQeUk7Ht7GhTrg+1dcXaINUyO4pV24pUxg4tdnZc02prtztWAQrtf6LHuetAZELygKM7UZv5uROUdT+1D4VJbI70XRqVj1paYwWG9GbOHLAAVHtIj3q1aFYKR40xCQrjmc/wPU1GUi8UkrDNlbrDo8iynlMo5PlmmLDghfEEkc7hDvgUA4j4iWS9S2tvLDCcEZ7+/vVr4Z1/MIVmztU2pR6L4oqSv094rskj0/FxK0smPvSHJ296u3/TvGqabqWBhScD3rMftA1QGFQGxzGrh9jnHejWOnNa3okhkUdV706bq2ZKK3Fdmx6xw9bavYPFKO+dtqqtn9ntlC7KxlZSclWbINW3R9Zg1C0W5spBJA4yCDmu7i9CAnvWWqESktFN1PSbfTJo0RQqdgKlW0ykAoQQRg470K4z1HkUSFvunNVXhPXXVQszF4WbbJ3XJOP2qEXtj5YukaTHJygKxwvRT2oHxFosV0hljUBu+OhozZSRzwhlZWQ7b7fr6U1f20kaFoGYD8tXXRyMw3iKxe1lZGUjqfrVafOTmtR4pg8cPzr5x1x6VnN/b+FIcHmU7qapB+CsGuKVeybUqqYJa6chULHoN6QG1M3xxaSH2rAA00ommJOcZ2FTLROYjlGKHxrvRrTo9xnrSyZWCC2lWmWXmFP65qEsdnJHaHzAEA/l+X96tOi2VnZaDNdz4l1KXyQRkbRL3b54/Taq1f2w5GONmGc46/8AoqN1Ip+5GfxMz8xJy2c1YNC1ExsAWoLeQm0u2yPISQaa5jG+VO1XasnCbiXnUoodUjUSyAY3BzjFW37OuEdAjMFzdanBNMJP69uzY/pnbv1+lY9JOzSKWmfkPUCrjolpofhRyz6peoxIDKmOlTlGlVnZ9Olllfp9YcO2uiafoK2mhJbpZh2fMRzlj1z6fKheqyKpbBrIeHra1+KI4d4j1KAMuG8RVfPzFXA380VryXcokkUYL4xze+KhOXhk8fxypOyu/aFfCDS7qVjsiEj542qjcAXxlsIVk80lufDcfmQ9D9DTP2la+uoXI021bmVWzKR+y0M4cmOny+Moyo8rr+YdxWxj9v8AojfJm26TdNblZLeTMbjAB6N7EetGm1RfB50yoH3lHVPfHcVntjqiwMoL89ncgHm/KezfP1+VSLnV2glxzDJHUHY/+9ayMqIyhbJ/EkizedCOf26Ee1ZzqiK5mVRgjzAeh7/qKslxqKXCty7A9VqrXshF0WPQ5BzVMcrZOUaAsh33pV7cDlkYDscUq6BBZ2qBfuZcwR9MZY1MkblQk9qhL5YGkb77+b+woAhWy8xHrVi0qLEqgLzP2HYUGtU5Ttuxq0aBEBKrSYCjeozZeCoOuk07wWcOWd8Kx9O9LjFYrGSygX7pBVj7dM/rvRaznitRJPCvjXGNyv4R7UL1vT31W2eY7yjcGoppdm2UPWbXndlbqf57Gq5uhMb9v2q6XsLy2QcjE8IwwPcd/wBKrOoweZZFGzda6oS8Ekt2eaYITOq3ABUmth4R0nhBoYnv7aNy2x5jWKAMrYqwaOtzMFRZXVfY0uRX6Pjdao+k1sOHtNtC+mRQwx4z5dqzfi3XmnEqWBKxj/uevyofYWU5gVZp5pF9Gbb9K61K1xbMAO1cjas6IrZl2m5eWR2yWLEkn51Y7AZgceuar1gPCuZUbsSD9DR+zbwxk9M7105OyWPoJ6VeOENsx+6eeP29RU+6mJRUJOVyV+R7UJjgPxsZQ7N3qd4iyXK7bfd+uNqi+xmjuN2AOT5hvj1pq65bqN2QYlUbj1HrT+o201usayqVaVBKvyPSoE0jRMHQ+cHengiM3YLuBmQnIpVK1GJeSG4iGI5gdvysDuP3B+tKulEAdc5aBx7H+KHtIJWG55RtUq9crAQvUnFDcmKYKw2PehmoKW5VBzAY96kpdSMGA8q8pOBXdhYtc6dI6DJjyG/TIroQYg5vVA30K/3qVqyxYeDdWFrcBLgBrZtmz+HNXSG1FvfNCvmgkGU7/T/b9KzvQ7YkyuR5eRM/Vc1fuFLpr7TbcPvLCwT5gHaoy7BrVld4u0/4Sbx4BgOOb61R54FeIcg8mcgfl9q1bjBFNkF6kcwHy6VnDxiNgMbE/tTxfgRVoCz2WCpAq0cMWuXXIpqezLQKwXOKKaCPDYbUTlcSkY07LbFEAqgU3fW/NGRTtm3iPRAwc4rlaGTpmG8RWz6XrbScv9KQ839xRGwInjaNTllGV/8AsvY1eeLOGl1G1YcuGG4I7GsyKXeiXSx3KsoRvI4rphNZI16jGnB34y26EfFlTO+MoR+VsVMtLIx3D+IpxmhenXsE0izo6wzH735X9/Y1f9I+G1a0yGiW7T7wVhhv+alK7Nk62QdbjE8cMh6iEFfbAwR+wqk3JK5U9tq05dPkhkFvOhYBiUUjqO6/PGao/F2kvpt2GXL20w54pOzL/cdDVcLvs5paAEsjNbrFk4Viw+tKmnJznOKVdBMgz4dBjfBBpnUlRTGSfKfMre1NXV8ka8sZ5n/YV4r/ABlpyheYg4ZB1B7MK1gt6LLwZeq1vfQsclrcg++CMH9zU+8tmW35VXLmBECj1JOP2NG+COGtJ0jQWv8AXpWa7m/+Oh3KjpGPdjgsewGOtF9G083F095dLmZn5xHGvMI/QfQVzTf3Wi0XrYNOmtbWPw1tGzSkDxGA2U8oGM+wFE9Ai/wnTZZpjyjqDjP1A/ii2p3sVrD4Qi8MD8LMOY/QdKqOp311fo8YzHCMgBf5qTe9jq2qQ5e3x1OC5kfCqhCkZyEUb4z67b1UpbiG4nAB5QNgT3Fcy6qqaRPDaqVjikUtnq4OxzVfguil2QTlF3B9R2rqhjXpLm10atw7pi6jpkpGGZDg43rr/CnteYlcYrMbfV3jmZoZni90Yrn54oovE2oiIRi+mZGG/M3N/NY/p34xln/k1jh2wea2M2DudjVhg09h1Wsf0zjrWdPtfCtriLwhuA0QbHtR6w+03VldRNDaSjHTkK/xSfp5B8qZpTaaHXBWq9rvCFvqELLJEpB9qC2/2q3XKfE063Y9RyyEbVJX7VEMCc2mF5CM8xlAB+mKR/Ty8Q8cyXpnuv8AAOpaW7TabzTxLv4f4h8vWqxDrN3ZznlLw3CeUhhj6EVrGofaPPPGfA061jB25nkLYz0zVF1S/Go3LXN4ImnUHHIgFXx48nU0JPJGvtL5wfx2t5Zw2XE0bQyLgQXyDdCOgf1HvR3iGGCWzJkSO506U8ziM/6T/nQ9s/8Aisd+IEz8ibLnrRzh/iS40ecJKvxFnIMSQk7Eeo9DTTxVtEVKyPq+hywyZtWNzATsyDcexHb+KVHtRhMpW50sPc2km6lFw6HurAf8GlScmbRjYo1o3+TYTEAynoD+GhMIHMDRG2JZs1Wb8CC3Zd9Cm+Kullv5XManfB8xHoPT59q0CO+5rT/L8ttaqPKkZxt7t1NZHZvycpfpnO/Srvoss94J+YF/DZQF7Ywa5Mlro6FGwqbCIf5m5JJcZjQ7HHqfQfvQeyvkbW8yAC3XCgAYCjIGf3ordyy3DNHF5uUAySfmb0HsKC6hYtZQyvKpDMMhe+KhZWKsq/Fmnf4XruoW6j+hMPET5E/+aqLEpF133GfatN45haVNPllGJTa5b9qzm+i5Sqr16mu/E+UTjyKmDwcU6srKVwegrjw23FecrbbVckSUuX5cAmn476QEHPSoQVuvIa7UOBsjfpQAQjvXyBlhjtXRuZMJuR1H8VCUS9o/1p2NLhlA5VXBzua0CQbiRkJLMOm2a7jctKRk5Ydzt0puKA5JZsg9RjGDUqO3VRzEEEHqa0B+3YRJk4zjBB7U7EzOTn5HPy/ioz4EfMxJbv3xXqSggKuOY7f3oAJW95c2hZre6ktw23kblzSqE8pC5B36b0qxxQbK1bjcfrRzhyD4y5kjJAIUsD8qVKoT6ZXH2iTqS+Ctmo6snM2PnWocBQiUW8vT4q3KsPRlOM/xSpVCfSKt9hKDwtLtbi6aPxRz4jTsCT39gaINo8Oo3aXt4eaCJAxjHV26/pSpVGtm3qzOuMb74u+mmKcqbxog7KtUG4Xmkyd85pUq7MPRHIMNCAWOxGcdK9SNSMAdaVKrkxzlXkyR02/anRECFBPUE0qVaYdqqsAwyGztTqAKzbdQB/JpUq0D3kwp/Ed9zXjSBo8YOaVKgBm9blxjqTjbamLdizOfTalSrAHVkJXmwNzSpUqAP//Z', NULL, NULL, NULL, NULL, 'Londýn - Ubytovna U starého Šeptáka', false, NULL, true);
INSERT INTO "characters" ("id", "user_id", "first_name", "middle_name", "last_name", "birth_date", "is_active", "created_at", "updated_at", "school", "description", "death_date", "death_reason", "avatar", "height", "weight", "height_set_at", "school_set_at", "residence", "is_system", "character_history", "show_history_to_others") VALUES (3, 2, 'Frodo', '', 'Pytlík', '1902-09-22T00:00:00.000Z', true, '2025-05-28T14:17:30.390Z', '2025-06-02T14:41:45.980Z', '', '', NULL, NULL, 'data:image/jpeg;base64,/9j/2wBDAAYEBQYFBAYGBQYHBwYIChAKCgkJChQODwwQFxQYGBcUFhYaHSUfGhsjHBYWICwgIyYnKSopGR8tMC0oMCUoKSj/2wBDAQcHBwoIChMKChMoGhYaKCgoKCgoKCgoKCgoKCgoKCgoKCgoKCgoKCgoKCgoKCgoKCgoKCgoKCgoKCgoKCgoKCj/wAARCACWAJYDASIAAhEBAxEB/8QAHAABAAMBAQEBAQAAAAAAAAAAAAECBgcFBAMI/8QANBAAAQQCAAQEBAQFBQAAAAAAAQACAwQFEQYSITEHE0FRFCJhcRUjMlIIM0JjgWJykqGx/8QAFQEBAQAAAAAAAAAAAAAAAAAAAAH/xAAVEQEBAAAAAAAAAAAAAAAAAAAAEf/aAAwDAQACEQMRAD8A/qdERRRERAREQEUgKUFUVkSFVRWRIVVFZEhVUVlBCCEREBERAREQEREBfJk7rMdRltSRWJmRgFzK8TpXkb9Gt6n/AAsxxVx5gMbNYxIydmTMFhb8PiqzrlmIn1LGtcGn25xpZfAY/KZm291DiHxFxczW84ly1St5Dz7chj/66INVf46pjCDNYOMZnGV5S3IfCv8Az6jAPmcYiOYlvdzDp2uoB1paynagu1ILVSVk1edjZYpGHbXtcNgg+oIO1lqPCszcvSzdu1AzPRbhtWacJiZfg9GyxknqOhB2eUjp0JC9vhvDwYHGDH03O+EjkkdDGe0THOLgwf6W7IHsND0RHqIiKgiIgIiICIiCCFCsqqKIiICIiAszxfxNHiTHjqdKzlc1bYfIx9V3K8t7GR7z0ijB6c5PfoNnotBcsw0qk1q1KyGvCx0kkjzprGgbJJ9AAFyEX4+OeJ44Moy3DjrTWyRYSo3knsVx+mzfeNFkR2SyEkEg9Q47aA0XAuDyrarJPxTEY2i2Q7x/D8DHRhwPUSTvBc937iGtK6FrrtfhSqV6NWOtSgir1ohysiiYGMYPYAdAF+6ApaoVh2QERFUEREBERAREQFDlKhyCERFFEREGR8S8m2ngG0oa1e5kcjIIKlex/K5x85ll/tRhpe700NeoXn+D8dT8Es2MbDYnrWJfMdmLR1Nlpez7HLrYj30Zs9h0AGifK8Zb1SaaDF3+aLFQ1nXszYjbuQ1A8BtVh77nlDW6B6hhHqF0Hhx1t+DpPyFOGjZdGCasJ22Af0x/UtGgddNg66IPSREQArKB3UqoIiICIiAiIgIiICh3ZSh7IKoiKKIiIOTeMWRip5jGkVW2G0mDKTQgdbU7XiGlAT7GeUu+nISul4SC3WxNSHJWfirzYx582gA+Tu4gDsN70PbS5x412ocVZwmTdXbIaj5shJ/dNWCV0EZ+nnStP30ug8MVZ6XD2PrXbDrFyKFrbErncxfLr5zv/dtB9l65VoVnWL1mCtXb+qWaQMaPuT0V608NqBk9aWOaGQczJI3BzXD3BHQr+Vf40MhkIOIeFYJY3S4VsbrHkuJEc0wfpwdr2byj6BxW7/hRytjMYDiW1Fj243CvyZfRqRuLo4NsBexhP9IPKenTZPZB3YBERVBERAREQEREBERAQ9kQ9kFURFFEREGO8VcYzJcKOj8kSSfFVG75dkMNqEvH2Ib1+gXxeEOdZkuDKziZJrzofxKdoA2TZfJK0Dr30f8Axb0gEEHsehXCuC33fD7iGthbzWNdPDiqhJPMDGH2K/MD9xB/zAQdFzNWlxdDFjeJuDbc9Fzw4OuCB7I3fu+WQub9wtLiMZRw2OgoYqpBTpQDljggYGNaPoAvLocP1pLjcjfuT5W2yQuidNJ+VCQdajjb8jSO29F3TqVoEFkUAqVUEREBERAREQEREBD2RD2QVREUUREQFk+P+Dq/FWOlLJHVspHXfHUsg6Eb+ZkjC73DZI43f4PutYiDi3D/ABpc4VfkoM7SfWgltRZZzJtg169h/l2eX3ENkkk/skDuy7DWt17T7DK8zJH15PKlDT1Y/Qdo/XTgfsQs/wCIUuNq4J1rI4qLKTE/B1qzgAZpJ/yvL5j+lrubTj21s+iwnDGFt0KGLs4LiCvduXqj61mCJ5jNqvES1ksL37JkhDg1srhqRoaHa6FB2NvdWXLrXiDkeGpa+J4npRvzEb980RDG5KuOhlrbOvNBLS6FxB7hpd03veH+IMVxDV+Iw16C0wdHhjtPjPs9h+Zh+jgCqj1EREBERAREQEREBERBU9CiO7oooiIgIiIPO4gwtDiDEz43LQefUmA5m8xaQQQQQ4EFpBAIIOwQsbT8MIqNhk1HiriWuY6rKLOSWAlldhJbGHGIkAEnrvZ6bJ0uhogwWC4Jkxly18PyVhZJM+Q+KNy5ZA/SJHTxOGvXQIA9Fs6tGvXnM4jjdbewMksmNokkA7cxAG/t2X1IgsiqCp5lUSibRARNhNhARRtQSUFk2FVFKoepREQEREBERAREQEREBQpRARFCCUREBFClAREQEREBERAREQEREBERAREQEREBERBClEQEREBERB//2Q==', NULL, NULL, NULL, NULL, NULL, false, 'Mě se na nic neptej, ale dávali to včera na Nova Cinema!', true);
INSERT INTO "characters" ("id", "user_id", "first_name", "middle_name", "last_name", "birth_date", "is_active", "created_at", "updated_at", "school", "description", "death_date", "death_reason", "avatar", "height", "weight", "height_set_at", "school_set_at", "residence", "is_system", "character_history", "show_history_to_others") VALUES (6, 5, 'Casey', 'Lotte', 'Benett', '1902-12-16T00:00:00.000Z', true, '2025-05-30T06:47:39.391Z', '2025-06-08T14:48:53.094Z', 'Bradavice', '<b>Popisek</b> Tady bude popisek', NULL, NULL, NULL, NULL, NULL, NULL, '2025-06-01T17:44:16.399Z', NULL, false, '123

My jsme bratři ', true);
INSERT INTO "characters" ("id", "user_id", "first_name", "middle_name", "last_name", "birth_date", "is_active", "created_at", "updated_at", "school", "description", "death_date", "death_reason", "avatar", "height", "weight", "height_set_at", "school_set_at", "residence", "is_system", "character_history", "show_history_to_others") VALUES (18, 13, 'Amálie', '', 'Zoufalá', '1906-02-07T00:00:00.000Z', true, '2025-06-08T15:11:13.524Z', '2025-06-08T15:14:53.651Z', NULL, NULL, NULL, NULL, NULL, NULL, NULL, NULL, NULL, ' Doupě neřesti', false, NULL, true);

-- Table: chat_rooms
DELETE FROM "chat_rooms";
INSERT INTO "chat_rooms" ("id", "name", "description", "is_public", "created_at", "category_id", "sort_order", "long_description", "password") VALUES (8, 'Obrtlá ulice', 'Temné zákoutí Obrtlé ulice', true, '2025-05-29T18:28:17.897Z', 3, 11, '*Některé dveře se neotvírají – ony tě pohltí.*

Obrtlou ulici najde jen ten, kdo nehledá slušnost. Zahnutá za zadními průchody Příčné ulice, pokroucená a stísněná, voní po plesnivém pergamenu, zvětralém elixíru a železité krvi. Její dlažba je popraskaná, výlohy zakryté vrstvou prachu a závěsy, a světlo sem dopadá jen jako špinavé zbytky slunce. Vzduch je těžký – nejen prachem, ale i magií, která šeptá zpod kamenů a zpoza dveří, jež nikdy neměly být otevřeny.
V dnešní době je Obrtlá ulice pod tichým dohledem sílících temných sil. Směnárníci zde vyměňují zakázané artefakty, mudlovské kosti nebo části duší, a mezi stíny se objevují tváře, které se hledají v denním Prorokovi. Jsou tu jak ztracenci, tak ti, kteří ztratili vše. A právě zde se začínají šeptem šířit první zvěsti o Grindelwaldovi.


', NULL);
INSERT INTO "chat_rooms" ("id", "name", "description", "is_public", "created_at", "category_id", "sort_order", "long_description", "password") VALUES (10, 'Ministerstvo kouzel', 'Úřad kouzelné vlády', true, '2025-05-29T18:28:17.970Z', 4, 17, '"Ne vše, co se třpytí, je kouzelné. A ne vše kouzelné je správné."

Skryté hluboko pod ulicemi Londýna, přístupné krbem, toaletou či tajnými chodbami v kavárnách, se rozprostírá komplex Ministerstva kouzel – srdce byrokratické moci kouzelnické Británie. V roce 1925 je to místo napětí, tichých dohod a šeptaných intrik – důsledky sílící hrozby z kontinentu jsou cítit v každé dlaždici.

Vstupní hala
Velkolepá, vysoká jako chrám – s temně zelenými cihlovými stěnami, lesklou černou podlahou a zlatými fontánami magie uprostřed. Lidé sem proudí jako proud myšlenek, přemístění nebo krbem, pod dozorem pracovníků Odboru magického práva.

Oddělení a kanceláře
Bludiště chodeb a pater – od Odboru záhad, kam vstupují jen ti vyvolení, přes Odbor pro uplatňování kouzelnických zákonů až po kanceláře Regulace magických tvorů. Stěny jsou pokryty pohyblivými nástěnkami, na nichž se objevují vyhlášky, zatykače i falešné zprávy. Vzduch je prosycen vůní pergamenu, vosku a politiky.


V dnešních dnech je Ministerstvo nejen správním centrem, ale i místem strachu a ostražitosti. Byrokraté a bystrozoři se míjejí v temných kuloárech, informace se filtrují, jména mizí ze seznamů. Každý krok je sledován, každý šepot může být zradou.', NULL);
INSERT INTO "chat_rooms" ("id", "name", "description", "is_public", "created_at", "category_id", "sort_order", "long_description", "password") VALUES (6, 'Černá vrána', 'Pohřební služba pro kouzelný svět', true, '2025-05-29T18:28:17.821Z', 2, 18, 'Na Příčné ulici stojí temně laděná budova. Její fasáda je natřená sytou černou barvou s matnými detaily v šedé. Okna jsou vysoká a úzká, s černými závěsy, za nimiž je vidět jen matný odraz světla svíček. Nad vchodem visí elegantní dřevěná tabule s nápisem „Černá vrána" ve stříbrném písmu, ozdobená drobným reliéfem letící vrány. Dvoukřídlé dveře, vyřezávané z temného dřeva, jsou opatřeny mosazným klepadlem ve tvaru havraní hlavy. Před vchodem stojí dvě černé lucerny, jejichž mihotavé plamínky dodávají atmosféře tajemný nádech. Vzduch kolem budovy je naplněn lehkou vůní kadidla a na dlažbě u vchodu je vyryt symbol vrány.

Jakmile zákazník vstoupí, ucítí jemnou vůni vosku, bylin a starého dřeva. Interiér je v přítmí, osvětlovaný pouze světlem svíček, které stojí na masivních kandelábrech rozestavěných po místnosti. Podlahu pokrývají tmavě šedé kamenné dlaždice, občas ozdobené složitými ornamenty v podobě vran a větví. Na levé straně místnosti je dlouhý pult, vyrobený z ebenového dřeva, na němž stojí černá pokladna a několik dekorativních krabiček. Za pultem jsou police plné katalogů, drobných pohřebních artefaktů, vzorků vyřezávaných urn ale i různých pomůcek pro média či snad komunikaci s duchy? Na pravé straně se nachází vitríny, ve kterých jsou vystaveny pohřební dekorace – od honosných pohřebních šperků až po drobné ozdobné lahvičky, do nichž se údajně mohou uchovat vzpomínky. V rohu je pohodlné křeslo s malým stolkem, kde si zákazníci mohou prohlédnout katalogy v soukromí. V zadní části místnosti jsou těžké sametové závěsy, které oddělují hlavní prostor od neveřejných částí podniku. Za pultem stojí - po domluvení schůzky - v černém hábitu Morgause Birchwood - majitelka - a mluví tlumeným, uklidňujícím hlasem. Každé gesto, každý pohyb je promyšlený a důstojný, jako by každý zákazník byl důležitou součástí rituálu. Atmosféra celého prostoru je klidná, téměř posvátná. Zdá se, že místo oplývá jakousi zvláštní magií, která vytváří dojem, že čas uvnitř plyne pomaleji než venku. Za pultem je pak vchod do zadní části obchodu, kde se nacházejí zřejmě sklady a zázemí. A také průchod do sklepa. Ten je vybaven lékařským stolem, několika světly a spoustou roztodivných nástrojů. Inu, někde se k tomu dlouhému odpočinku musí nebožtíci připravit. Nicméně, to není pro oči truchlících, jednoduše… pouze na pozvání paní majitelky. Hodně štěstí.
', NULL);
INSERT INTO "chat_rooms" ("id", "name", "description", "is_public", "created_at", "category_id", "sort_order", "long_description", "password") VALUES (11, 'Nemocnice u sv. Munga', 'Nemocnice pro kouzelné nemoci a úrazy', true, '2025-05-29T18:28:18.037Z', 5, 19, '"Léčíme, co se léčit dá – a zbytek alespoň utěšíme."

Za nenápadnou výlohou starého obchodního domu "Purcell & Syn – obuv pro pány" na londýnské Panské ulici se skrývá jedno z nejdůležitějších míst kouzelnického světa. Vstup je umožněn pouze těm, kdo vědí, že mají poklepat na rozbitou figurínu v rohu výlohy a vyslovit své přání pomoci.

Exteriér a vstup
Z ulice vypadá budova omšele – výlohy plné prachu, zrezivělé písmo a zapomenuté figuríny. Jen pozorné oko si všimne, že figuríny mění občas postoj… a že výloha klame.

Hlavní vstupní hala
Po průchodu výlohou se návštěvník ocitne v živé, přesto přísně organizované vstupní hale. Stěny z leštěného dřeva, lavice s výšivkami a velká nástěnná tabule s rozpisem pater, nemocí a pohotovostí. Vzduch je cítit bylinkami, lektvary a něčím nepojmenovatelným, co trochu připomíná rozpuštěné kletby.

Rozvržení pater
Nemocnice je rozdělena do několika specializovaných oddělení – každé patro se věnuje jiné oblasti:

Přízemí – Recepce, pohotovost, administrativa a uklidňující lektvary.

1. patro – Zranění způsobená kouzly: explodující kotlíky, omylem uříznuté končetiny a kletby.

2. patro – Nemoci způsobené magickými tvory: upíří kousnutí, dračí horečky, vlkodlačí škrábance.

3. patro – Magické viry a nakažlivé choroby: mluvící neštovice, samovolné zmizení končetin.

4. patro – Poškození mysli a duše: následky černé magie, přetížení paměťových kouzel, magické trauma.

5. patro – Experimentální léčby, léčitelé specialisté a výzkumná laboratoř.

Suterén – Přísně střežené oddělení pro trvale poškozené případy, oběti temné magie a pacienty neschopné návratu do běžného života.

Personál
Léčitelé nosí zelené hábity s emblémem sv. Munga držícího hůlku a kost. Jsou odhodlaní, unavení a neskutečně schopní. Učňové léčitelství běhají s tácem lektvarů, přičemž se snaží nezakopnout o pacienta proměněného v želvu.


V dnešní době je nemocnice přeplněná – přijímají raněné z kontinentu, oběti utajených útoků i ty, kdo se snaží ukrýt před zlověstnou budoucností. Vznikají tajná oddělení, kde jsou zkoumány nové formy magie – a ne vždy s vědomím vedení nemocnice.', NULL);
INSERT INTO "chat_rooms" ("id", "name", "description", "is_public", "created_at", "category_id", "sort_order", "long_description", "password") VALUES (12, 'Katakomby', 'Podzemní bludiště pod Londýnem', true, '2025-05-29T18:28:18.073Z', 6, 21, 'Jenom stíny šeptají, co zde bude.', NULL);
INSERT INTO "chat_rooms" ("id", "name", "description", "is_public", "created_at", "category_id", "sort_order", "long_description", "password") VALUES (2, 'Testovací chat', 'Místnost pro testování a experimenty', true, '2025-05-28T15:01:05.856Z', NULL, 1, NULL, NULL);
INSERT INTO "chat_rooms" ("id", "name", "description", "is_public", "created_at", "category_id", "sort_order", "long_description", "password") VALUES (9, 'Zlomená hůlka', 'Obchod s podezřelými kouzelnými předměty', true, '2025-05-29T18:28:17.933Z', 3, 14, '*„Všechno má svou cenu – i to, co by mělo zůstat zakázáno.“*

Zasunutý do úzkého průchodu mezi dvěma polorozpadlými domy, obchod Stínové relikvie nemá vývěsní štít, jen železné dveře s vrytou lebkou a třemi očima. Uvnitř vládne šero, vzduch je hutný a voní po sušené krvi, kadidlu a prastarém pergamenu. Poličky praskají pod tíhou zakázaných předmětů – láhve s neidentifikovatelnými tekutinami, zrcadla, co šeptají ve spánku, zuby neznámých tvorů, svitky omotané lidskými vlasy i části těl v konzervačních lektvarech.

Za pultem stojí hubený, vybledlý čaroděj jménem Morwen Szilas, jenž nikdy nemrká a zná cenu duše přesněji než jejího nositele. Kromě zboží nabízí i „služby": vyvolání ducha bez souhlasu, odklon sledování Ministerstva, zakrytí magických stop, prokletí na míru – nebo ticho.

Obchod je přístupný jen těm, kteří znají správné zaklepání – a ti, co ho popletou, už většinou nikdy nezaklepou znovu.', NULL);
INSERT INTO "chat_rooms" ("id", "name", "description", "is_public", "created_at", "category_id", "sort_order", "long_description", "password") VALUES (18, 'Pošmourná ulička', 'Temné zákoutí Obrtlé ulice', true, '2025-05-31T20:25:55.518Z', 3, 15, NULL, NULL);
INSERT INTO "chat_rooms" ("id", "name", "description", "is_public", "created_at", "category_id", "sort_order", "long_description", "password") VALUES (25, 'Hrad', 'Bradavická škola čar a kouzel', true, '2025-06-01T11:39:17.776Z', 8, 2, '*„Ať jsi mrzimor, zmijozel, havraspár či nebelvír, v Bradavicích najdeš domov, když k magii máš smír.“*

Bradavice jsou prestižní kouzelnická škola ležící v odlehlé části skotské Vysočiny, chráněná mocnými kouzly neodhalitelnosti a magie. Založena kolem roku 990 čtyřmi mocnými čaroději – Godrikem Nebelvírem, Helgou z Mrzimoru, Rowenou z Havraspáru a Salazarem Zmijozelem – škola dodnes slouží jako hlavní vzdělávací instituce britských kouzelníků a čarodějek od jedenácti let.

Uvnitř se nachází množství věží, točitých schodišť a skrytých chodeb, které se neustále mění. Vyučují se zde tradiční magické disciplíny jako kouzlení, lektvary, přeměňování, péče o kouzelné tvory a mnoho dalších.

Bradavice jsou rozděleny na čtyři koleje, které odrážejí hodnoty zakladatelů. Škola je obklopena černým jezerem, rozlehlými pozemky, skleníky, vlastní sovincem, a přiléhá k Zapovězenému lesu plnému magických tvorů.', NULL);
INSERT INTO "chat_rooms" ("id", "name", "description", "is_public", "created_at", "category_id", "sort_order", "long_description", "password") VALUES (24, 'Muži písma', 'Sháníš knihu či informace? Samozřejmě, kde jinde. Ale nebude to zadarmo.', true, '2025-06-01T11:35:45.136Z', 12, 6, '*"Slova přežijí meče. V písmeni dlí paměť světa.“*

V sevření starobylých uliček horního Greenwiche, tam kde temné koruny dubů zastiňují měsíční svit a ulice ještě voní po dešti a dřevě, stojí na mírném návrší viktoriánské sídlo obrostlé mechem a stářím. Tváří se jako dávno opuštěná vila učence – tichá, důstojná, skrytá očím kolemjdoucích, kteří považují za přirozené, že ji míjejí bez povšimnutí.
Za kovanou bránou s erbem otevřené knihy a vševidoucího oka se nachází domov jednoho z nejstarších a nejtajemnějších řádů kouzelnického světa – Mužů Písma.

**Interiér**
Sídlo působí jako soukromé muzeum: kazetové stropy, portréty bezejmenných strážců znalostí, výklenky s pergameny pod sklem. Veškeré dveře jsou opatřeny magickými pečetěmi, které se otevírají jen na tiché heslo vyslovené ve správném jazyce. Chodby tlumeně osvětlují lucerny, jejichž světlo není plamen, ale zachycený záblesk poznání.
Za starým knihovním kabinetem se ukrývá portál do Magické knihovny – skutečné srdce sídla, které přesahuje jakýkoli rozumný prostorový koncept.

**Magická knihovna**
Tato živoucí knihovna se rozkládá hluboko pod Greenwichem a rozšiřuje se mimo vnímání běžného světa. Police se přesouvají samy, svazky se třesou, šeptají, nebo se brání otevření. Ve středu se nachází Sál Zápisu, lemovaný sloupy z bílého kamene a stropem připomínajícím noční oblohu – zde dochází k předávání vědění, přísahám mlčenlivosti i záznamům událostí, které nesmí být zapomenuty.

Knihovna uchovává nejen běžné texty, ale i zakázané kodexy, prastaré jazykové grimuary, knihy, které je možné číst pouze jednou za život – nebo jen při zatmění.

**Řád a jeho poslání**
Mužové Písma nejsou veřejností známí. Jsou tichými archiváři magie, pamětníky ztracených jazyků, ale i strážci rovnováhy. Chrání knihy, které nesmí padnout do rukou temných sil, ale zároveň věří, že žádné vědění by nemělo být zcela zapomenuto – pouze uzamčeno, dokud nenastane jeho čas.

Jejich magie je psaná, rytá, zpívaná v jazycích, které svět dávno zapomněl. Jejich kouzla se neříkají – píší se. A jejich moc roste s každým slovem, které přežije zapomnění.', NULL);
INSERT INTO "chat_rooms" ("id", "name", "description", "is_public", "created_at", "category_id", "sort_order", "long_description", "password") VALUES (23, 'U Mlžné konvice', 'Šálek čaje nebo tajemství, drahoušku?', true, '2025-06-01T11:26:19.122Z', 12, 5, '*„Kde se páry z čajů mísí s kouřem tajemství.“*

Skrytá v postranní uličce mezi Camdenem a Clerkenwellem, kam se z Příčné dá dojít přes nenápadnou arkádu za jedním starožitnictvím, se nachází čajovna, která už desítky let slouží jako azyl pro zasvěcené kouzelníky, cestovatele mezi světy i ty, kdo už nemají kam jít.

„U Mlžné konvice" je klidné místo s podivuhodně hlubokým tichem – tlumeným, jako by i zvuky dostaly čaj. Dřevěné stěny pohlcují slova, lucerny vrhají měkké stíny a páry čajů tančí ve vzduchu, tvoříce tváře, symboly i vzpomínky.

**Interiér**
Čajovna má více pater než by zvenčí vypadalo – hlavní sál s kruhovým barem z tmavého dřeva, tajné zákoutí za závěsem z runového brokátu, a galerii s polštáři, kde se pije na zemi. Konvice tu nejsou jen nádobou – každá má vlastní „osobnost", některé si šeptají, jiné zlobně pískají, pokud nedostanou správný lístek.

**Majitelka**
Madam Isadora Pynch – vypadá jako zapomenutá knihovna v lidské podobě. Vykládá z čajových usazenin, vyměňuje informace za verše a věří, že každý čaj je vzpomínka, která čeká, až se vyluhuje.

* „Nejhlubší pravdy se nehledají, ale vyluhují. Až se tvůj čaj zamlží, můžeš začít poslouchat.“* – Madam Pynch

**Nabídka čajů**
Klasické čaje
Černý Darjeeling – s kapkou mléka a medu, ideální na rozhovor.
Zelený listový čaj z hor Fuji – jasný, čistý, osvěžující.
Bylinný heřmánek – s levandulí, proti neklidu.
Ovocný rybíz s šípky – oblíbený mezi studenty a mudlovskou krví.
Sladký rooibos s pomerančem – bez kofeinu, vhodný i pro mladší kouzelníky.

Magické speciality
Šepot hvězd – měsíční květina, napomáhá lucidnímu snění.
Dračí jazyk – plamenný lotos, silný čaj pro odvážné.
Mlžná mysl – utišuje vnitřní hlasy a chrání před nitrozpytem.
Popel stínu – nálev, který ztiší emoce a přetne vazby na minulost.
Věčný list – čaj z listu stromu, který nepadá; zpomaluje stárnutí (nelegální mimo soukromé konzumace).', NULL);
INSERT INTO "chat_rooms" ("id", "name", "description", "is_public", "created_at", "category_id", "sort_order", "long_description", "password") VALUES (27, 'Zapovězený les', 'Kdo se bojí, nesmí do lesa', true, '2025-06-01T11:44:27.399Z', 8, 4, '*Tam, kde se stíny plazí i za poledne a kde stromy naslouchají, nechoď bez svolení lesa.“*

Rozkládající se na západním okraji bradavických pozemků, Zapovězený les je starší než samotný hrad. Působí jako živoucí paměť světa, kde magie není ovládána lidmi, ale přírodou, duchy a tvory, kteří žili dávno před prvními čaroději. V dnešní době je les málo prozkoumaný a mnohá jeho tajemství zůstávají nedotčena – nebo záměrně ignorována.', NULL);
INSERT INTO "chat_rooms" ("id", "name", "description", "is_public", "created_at", "category_id", "sort_order", "long_description", "password") VALUES (28, 'Prasinky', 'Jediná čistě kouzelnická vesnice v Británii. Opravdu?', true, '2025-06-01T11:49:36.102Z', 8, 8, '*„Ve stínu Bradavic se šeptá tišeji, ale nikdy bez významu.“* 

Prasinky (angl. Hogsmeade) jsou jedinou čistě kouzelnickou vesnicí v celé Británii, malebně usazenou podél zasněžených cest a kopců nedaleko Bradavic. V roce 1925, během války s Gellertem Grindelwaldem, zůstávají Prasinky výjimečným místem – klidnou enklávou uprostřed narůstajícího neklidu, kde se mísí vůně máslového ležáku s náznaky staré magie a šepotem dávných tajemství.

**Atmosféra a vzhled**
Vesnice je tvořena křivolakými uličkami, hrázděnými domky s komíny a zasněženými střechami, za nimiž se skrývají obchody, hostince a řemeslné dílny. Mnoho domů je starších než samotný hrad Bradavice a stále nese ochranné runy či staromódní znamení, připomínající doby, kdy byla magie ještě hrubá, neotesaná a divoká.

I přesto, že časy jsou nejisté, Prasinky zůstávají místem, kam studenti chodí na návštěvu o víkendech, kde se potkávají kouzelníci z různých vrstev a kde se často stírá hranice mezi tím, co je legální, a co už ne.

**Významná místa v Prasinkách**
Medový ráj – obchod se sladkostmi všeho druhu, od jazykových plamenů po karamelové netopýry.
Tři košťata – útulný hostinec s krbem a máslovým ležákem, oblíbený mezi studenty i profesory.
U Děravého kotlíku (Prasinská pobočka) – menší hostinec pro cestovatele a méně známé obchodníky.
Poštovní sovinec – věž plná sov, kde lze poslat zprávu kamkoli na světě.
Starý alchymistův dům – opuštěná budova, kde podle legend kdysi žil učenec ovládající kámen mudrců.
Kroutivá větev – malý obchod s podivnými starožitnostmi, většinou s nejasným účelem.
Zašité uličky – místa pro ty, kdo hledají práci, úkryt nebo informace mimo dohled bystrozorů.
Magický ševcovský cech – historická dílna, kde se ručně vyrábí kouzelné boty s očarovanými podrážkami.

**Magie Prasinek**
Prasinky nejsou jen vesnice. Jsou to živoucí dějiny. Pod dlažbou se skrývají zasuté chodby vedoucí do Bradavic, pod některými domy se nachází magická ložiska, a někteří obyvatelé tvrdí, že v určitých nocích se vesnice pohybuje – jakoby si sama vybírala, co odhalí a co skryje.', NULL);
INSERT INTO "chat_rooms" ("id", "name", "description", "is_public", "created_at", "category_id", "sort_order", "long_description", "password") VALUES (29, 'Azkaban', 'V Azkabanu neumíráš tělem, ale každý den o kousek duší.', true, '2025-06-01T11:56:50.425Z', 14, 7, '*„I kámen tu šeptá, i vzduch tu zrazuje. Kdo jednou vstoupí, nosí Azkaban v sobě navždy.“*

Azkaban – vězení pro nejhorší z nejhorších, strašlivý pozůstatek temné magie, stojící osaměle v Severním moři jako trn v srdci kouzelnického světa. V roce 1925, během války s Grindelwaldem, je Azkaban nejen místem trestu, ale i prostředkem zastrašování – symbolem absolutní moci ministerstva a hrůzy, kterou nikdo nevyslovuje nahlas.

** Pevnost v moři**
Azkaban je stará kamenná věž, temná a vlhká, zbudovaná na neznámém ostrově, který není zakreslen na žádné mapě. Její stěny jsou plné magie starší než ministerstvo samo – magie obranné, ochranitelské, ale i kruté. Bouře tu nikdy neustávají, a vlny neustále naráží do skal, jako by se sama příroda snažila vězení zbořit.

Do pevnosti nevede žádná silnice, žádná loď se tam nevydává bez příkazu. Vězni se přepravují pod silným dohledem – často přemístěním vysoce kvalifikovaných bystrozorů, nebo pomocí speciálních magických prostředků. Uvnitř není den ani noc – jen šero, chlad a stíny.

** Strážci duší – mozkomorové**
V dnešní době se nad vězením vznášejí mozkomorové, bytosti bez emocí, které živí utrpení a zoufalství. Jejich přítomnost zajišťuje, že vězni nejen trpí, ale zapomínají, kým jsou. Mozkomor nebijí, nemluví – prostě jsou, a to stačí. Jejich polibek, vzácně udělovaný, vysaje duši, zanechávaje tělo živé, ale navždy prázdné.

** Struktura vězení**
Horní věž – administrativní prostory, bystrozorští dozorci, přenosová komora.
Střední patra – cela vedle cely, každý vězeň sám, izolován, v kamenném prostoru.
Dolní sklepení – nejnebezpečnější vězni, ztracení černokněžníci, stoupenci temných řádů, ti, jejichž jména se už nevyslovují.
Zapečetěná křídla – místa, o nichž ví jen několik starších členů ministerstva.

*„I kámen tu šeptá, i vzduch tu zrazuje. Kdo jednou vstoupí, nosí Azkaban v sobě navždy.“*
— výrok bývalého bystrozora Claudiuse Moorena

**Temná magie a historie**
Azkaban nebyl vždy vězením. Legenda říká, že kdysi sloužil temnému čaroději Ekrizdovi, který si ho zvolil jako základnu pro studium smrti a duše. Opevnění bylo vystavěno na magických uzlech, díky nimž si pevnost „pamatuje" bolest a v noci prýše sténá samotným kamenem.

*„Azkaban nežere tělo – požívá vzpomínky, sny a naděje.“*
— anonymní nápis vyškrábaný do cely číslo 32', NULL);
INSERT INTO "chat_rooms" ("id", "name", "description", "is_public", "created_at", "category_id", "sort_order", "long_description", "password") VALUES (36, 'Doupě neřesti', 'Sídlo/Vila Obří sídlo  - Amálie Zoufalá', false, '2025-06-08T15:14:53.763Z', 12, 0, '**INFORMACE O BYDLENÍ**

📍 **Adresa:**  Doupě neřesti
🏠 **Typ:** Sídlo/Vila
📏 **Velikost:** Obří sídlo 
👥 **Vlastník:** Amálie Zoufalá
📅 **Přiděleno:** 8. 6. 2025

**POPIS:**
Test', 'tester');
INSERT INTO "chat_rooms" ("id", "name", "description", "is_public", "created_at", "category_id", "sort_order", "long_description", "password") VALUES (3, 'Ulice', 'Hlavní ulice Příčné ulice', true, '2025-05-29T18:28:17.684Z', 2, 9, '*Srdce britské magie, rozervané mezi tradicí a hrozbou nového světa.*

V dnešních dnech je Příčná ulice v Londýně stále centrem britské kouzelnické společnosti, ale její atmosféra se pomalu mění. Ulice je lemovaná domy z tmavého kamene, šikmými věžičkami a křivolakými výlohami, za nimiž poblikávají očarované cedule a magické displeje. Starobylé lucerny nad hlavami kolemjdoucích se rozsvěcují při západu slunce do stříbrných a modrých tónů – symbolů ochrany a magie.

Ačkoli zůstává rušným tržištěm kouzelníků, mezi lidmi se šíří napětí. Stíny se prodlužují dříve než dřív, šepoty se mění v ševelení podezření a někteří obchodníci zamykají své dveře již za soumraku. Vzduch je naplněn tlumeným elektrickým třeskem magie – jakoby sama ulice cítila, že se blíží něco nevyhnutelného.

Mezi návštěvníky ulice se pohybují nejrůznější typy: staří kouzelníci v tradičních róbách, mladší čarodějové s modernějším stylem a jiskrou revoluce v očích, i úředníci z Ministerstva kouzel, kteří sledují pohyb osob i idejí. V některých kavárnách se šeptá o hnutí Gellerta Grindelwalda – jiní o něm mlčí, ale jejich oči těkají k temnějším výlohám.

Objevují se i podivné znaky – ochranné runy vyryté do prahů obchodů, černé mince kolující mezi rukama, a letáky s podivnými symboly, které ráno mizí, ale večer znovu visí na zdech.

Příčná ulice zůstává živá – ale pod jejím povrchem se hromadí cosi jako hrozící bouře. Kouzelnický Londýn dýchá jinak než dřív. Ještě nezakřičel. Ale zadržuje dech.

[Děravý kotel]
[Gringottovi]
[Černá vrána]
[Čarokáva] 

[Obrtlá ulice] ', NULL);
INSERT INTO "chat_rooms" ("id", "name", "description", "is_public", "created_at", "category_id", "sort_order", "long_description", "password") VALUES (19, 'Ubytovna U starého Šeptáka', NULL, true, '2025-05-31T21:21:05.061Z', 12, 10, 'Na první pohled jen další chátrající činžák v jedné z temnějších uliček mudlovského Londýna, ale stačí třikrát zaklepat hůlkou na rezavý zvonek a nechat se pohltit zdánlivě pevnou zdí. Uvnitř už čekají úzké, chodby, které si pamatují každé tajemství svých obyvatel a nese se jimi šepot unavených rozhovorů po nočních směnách. Kotlíky v kuchyňkách bublají pod rukama lékouzelníků a ministerských úředníků, a i když se občas něco rozletí vzduchem, většinou je to jen levitující šálek kávy či čajová konvička.

Recepci tu už léta „vede" duch Starého Šeptáka, původního majitele ubytovny, který se své role nikdy nevzdal – ani po smrti. Hrozný byrokrat za života, ještě horší po smrti. Každý nový příchozí musí vyplnit nekonečné formuláře, i když většina papírů končí nakonec poházená kolem jeho starého stolu. Neexistuje problém, který by nešel vyřešit další hromadou lejster – a pokud se opozdíš s nájemným, Starý Šepták tě bude rozhodně pronásledovat dnem i nocí. 
Tohle místo není žádný luxusní hostinec – je to útočiště pro ty, kdo nemají na lepší, zejména zaměstnance Nemocnice u svatého Munga pro kouzelnické choroby a úrazy a drobné ministerské úředníky. Stěny jsou tenké, sousedi hluční, záhadné skvrny na kobercích nikdo moc neřeší, a pokud ti přes noc nezmizelo nic cenného, můžeš to považovat za šťastný den. Ale i přes tuhle omšelou atmosféru má ubytovna své kouzlo – kdo jednou projde jejími dveřmi, zjistí, že i mezi oprýskanými zdmi se dá najít domov. Jen nezapomeň zamykat.', NULL);
INSERT INTO "chat_rooms" ("id", "name", "description", "is_public", "created_at", "category_id", "sort_order", "long_description", "password") VALUES (37, 'Bažina', 'Sídlo/Vila Rozsáhlá bažina - Jožin Z Bažin', false, '2025-06-08T15:32:19.887Z', 13, 0, '**INFORMACE O BYDLENÍ**

📍 **Adresa:** Bažina
🏠 **Typ:** Sídlo/Vila
📏 **Velikost:** Rozsáhlá bažina
👥 **Vlastník:** Jožin Z Bažin
📅 **Přiděleno:** 8. 6. 2025

**POPIS:**
Chcu bidlet v bažiěn', 'jozinovabazina');
INSERT INTO "chat_rooms" ("id", "name", "description", "is_public", "created_at", "category_id", "sort_order", "long_description", "password") VALUES (5, 'Děravý kotel', 'Slavný hostinec a vstup do kouzelného světa', true, '2025-05-29T18:28:17.768Z', 2, 12, '*„Tam, kde končí svět mudlů a začíná šeptaná magie.“*

Zvenčí téměř neviditelný, Děravý kotel je ukryt mezi dvěma obchody na Charing Cross Road, nenápadný a zapomenutý těmi, kdo nemají magický cit. Zchátralá cihlová fasáda vypadá jako prázdný dům – jen lehce pokřivený vývěsní štít s nápisem „The Leaky Cauldron" se zaleskne tomu, kdo ví, kam se dívat.

Uvnitř však dýchá jiný svět. Hostinec je starý, lehce zašlý, ale stále živý – spojnice mezi mudlovským Londýnem a Příčnou ulicí.

Uvnitř je hostinec tmavý a lehce zakouřený, se stěnami obloženými tmavým dřevem, zčernalým od let kouře a kouzel. Kamenná podlaha nese stopy stovek bot, a vzduch je prosycen směsicí kouře, alkoholu a staré magie. Kolem praskajícího krbu postávají cestovatelé, čarodějové v pláštích i podivní samotáři. Masivní bar z leštěného dubu je ošoupaný a zanesený, za nímž barman — Toma si pamatují již minulé generace — nenápadně dohlíží na každého hosta. Místnosti v patře jsou prosté, ale útulné, často s výhledem na tichý dvorek nebo střechy Londýna.

Na zadním dvorku se nachází prostá omšelá kamenná zeď. Kdo však ví, kterou cihlu zaklepat, otevře průchod na Příčnou ulici. Kouzelnické srdce Londýna.

[Ulice]', NULL);
INSERT INTO "chat_rooms" ("id", "name", "description", "is_public", "created_at", "category_id", "sort_order", "long_description", "password") VALUES (22, 'Lovci pokladů', 'Hledáš prácičku? Nebo něco sháníš? Jsi na správném místě.', true, '2025-06-01T11:10:49.533Z', 2, 13, '*„Bohatství nečeká – musíš ho chytit za plášť.“*

V tmavším koutě Příčné ulice, mezi obchodem s použitými knihami a vývěskou, kde se lámou letáky o záhadně zmizelých, stojí nenápadný, zdánlivě opuštěný dům s rezavou klikou ve tvaru háku. Zvenku připomíná staré skladiště, ale ti, kdo vědí, co hledat, najdou na dřevěném rámu dveří symbol runy „Fehu" – znak štěstí, bohatství… a rizika.

**Interiér**
Uvnitř se nachází haluzovitý prostor připomínající směs krčmy, kanceláře a černého trhu. Stěny zdobí mapy s vybledlými poznámkami, truhly s pečetěmi, vybledlé fotografie expedic a kusy artefaktů, které vypadají, jako by se ještě hýbaly.

Za centrálním stolem – odřeným, pokrytým inkoustovými skvrnami a vypálenými značkami – sedí koordinátor: vždy jiný, nikdy stejný. Místnost obklopují vývěsní tabule s úkoly – od banálních donášek a hlídání zásilek, přes hledání ztracených předmětů s magickou hodnotou, až po výpravy za zakázanými relikviemi, které by Ministerstvo nejradši spálilo.

**Funkce a pověst**
Lovci pokladů nejsou spolek ani cech – jsou to kontakt, síť a příležitost. Každý, kdo má odvahu, může vstoupit, vyslechnout nabídku, ale přežít a získat odměnu dokáže jen ten, kdo ví, kdy má kouzlit – a kdy utéct.

Obchodníci je považují za špinavce, kouzelníci za zrádce i hrdiny. Ale kdo hledá něco, co nelze najít oficiální cestou, dříve nebo později zamíří sem.

**Pravidla (napsaná rukou, přibitá dýkou ke zdi):**
„Co je nalezeno, to se dělí."
„Kdo zradí druhého Lovce, víc už se nevrátí."
„Ministerstvo? Jen další překážka."
„Zákon se dá obejít – pokud víš, kudy."', NULL);
„Co je nalezeno, to se dělí.“
„Kdo zradí druhého Lovce, víc už se nevrátí.“
„Ministerstvo? Jen další překážka.“
„Zákon se dá obejít – pokud víš, kudy.“', NULL);
INSERT INTO "chat_rooms" ("id", "name", "description", "is_public", "created_at", "category_id", "sort_order", "long_description", "password") VALUES (38, 'Tady je Bubákovo', 'Dům Dostatečně na stádo hipogryfu  - Zoe Higgins', false, '2025-06-08T15:33:42.158Z', 13, 0, '**INFORMACE O BYDLENÍ**

📍 **Adresa:** Tady je Bubákovo
🏠 **Typ:** Dům
📏 **Velikost:** Dostatečně na stádo hipogryfu 
👥 **Vlastník:** Zoe Higgins
📅 **Přiděleno:** 8. 6. 2025

**POPIS:**
Prosiiiim ', 'Bububu');
INSERT INTO "chat_rooms" ("id", "name", "description", "is_public", "created_at", "category_id", "sort_order", "long_description", "password") VALUES (4, 'Gringottovi', 'Banka pro čaroděje a kouzelníky', true, '2025-05-29T18:28:17.727Z', 2, 16, '*„Nevěř nikomu. Ani sobě. Ale svůj trezor nech u nás.“*

**Vstupní hala**
Uvnitř návštěvníka pohltí obrovská mramorová hala s vysokým stropem a dlouhou řadou masivních, vyřezávaných stolů, za nimiž sedí skřeti v tmavých hábitech. Vzduch voní pergamenem, olejem a kovem. Hala je tichá, téměř posvátná – každý krok zní dutě a ostré pohledy skřetů proříznou i kouzelnickou sebejistotu.
Po stěnách visí bezpečnostní vývěsky v několika jazycích a výstrahy před podvodníky i artefakty, které „si žijí svým vlastním životem“. Některé dveře jsou střežené nejen runami, ale i subtilními mechanickými systémy, jejichž původ není zcela lidský.

**Podzemí**
Kovové vozíky se říkají na zakázku – vedou po spletité síti kolejnic, klikatících se v temnotě, hluboko pod zemský povrch. Skřeti je řídí s přesností, s jakou čarodějové kouzlí. Dráhy bývají chráněny nejen fyzickými zámky, ale i magickými iluzemi, labyrinty a poplašnými kouzly. Některé oblasti jsou dnes uzavřeny a „nejsou určeny veřejnosti“ – spekuluje se, že zde skřeti schovávají válečné artefakty nebo staré kletby.
Jednoduché trezory nižších vrstev jsou stísněné, kovové a těsně chráněné magií. Bohatší trezory mají tvar kamenných krypt s vlastní atmosférou a obrannými mechanismy – některé reagují na krev, jiné na magický podpis, jiné prý poznají samotné srdce majitele.
Existují hluboké úrovně, kam se nesmí – podle legend je tam uloženo „Zlato bohů“, zapečetěné relikvie staré magie a poklady, které nesmí být nikdy znovu probuzeny. Skřeti je hlídají mlčky – a žádné otázky nejsou vítané.

', NULL);
INSERT INTO "chat_rooms" ("id", "name", "description", "is_public", "created_at", "category_id", "sort_order", "long_description", "password") VALUES (7, 'Čarokáva', 'Kavárna pro čaroděje', true, '2025-05-29T18:28:17.858Z', 2, 20, 'Čarokáva je místem, kde se zastavil čas. Malá dřevěná vývěska nad vchodem nese zlaté, jemně pulsující runy, které se mění podle fáze měsíce. Dveře, těžké a tmavé, se otevírají téměř samy, jako by zvědavě vítaly každého nového hosta. Uvnitř kavárny vládne podmanivá atmosféra. Stěny jsou vyzdobené starými pergameny a pohyblivými ilustracemi, které se líně přeskupují. Ve vzduchu se vznáší směs vůní – pražených kávových zrn, čerstvých bylin a slabého náznaku kouřové magie. Po místnosti se rozléhá tiché šumění – šeptající stránky knih, tlumený rozhovor čarodějů a jemné cinkání porcelánu. Stoly jsou rozestavěné nepravidelně, každý trochu jiný, jako by si žil vlastním životem. Nad některými se vznášejí drobné lucerny, které se naklání ke svým hostům, nad jinými se tetelí sotva znatelná mlha. V rohu místnosti je ukrytý výklenek s velkým oknem, které neukazuje ven, ale do jiné části světa – občas v něm zasvítí vzdálené hvězdy nebo se mihne silueta někoho, kdo zde možná kdysi sedával. Čarokáva není jen obyčejná kavárna. Je to místo setkání těch, kteří hledají odpovědi, i těch, kteří se chtějí ztratit. Někteří návštěvníci se tu zdrží jen na chvíli, jiní mají pocit, že tu seděli celé hodiny, přestože ručičky starožitných hodin nad pultem se téměř nepohnuly. A možná právě to je na Čarokávě to kouzelné – že nikdy nevíš, kolik času v ní vlastně strávíš.
', NULL);
INSERT INTO "chat_rooms" ("id", "name", "description", "is_public", "created_at", "category_id", "sort_order", "long_description", "password") VALUES (26, 'Pozemky', 'Nejbližší okolo Bradavic. Běžně přístupné studentům a návštěvníkům.', true, '2025-06-01T11:41:38.886Z', 8, 3, '*"V Bradavicích najde domov každý, kdo ho potřebuje."*

Bradavice nejsou jen hrad – jejich rozsáhlé pozemky obepínají školu jako ochranný plášť a tvoří bohatý, živý svět, kde magie prostupuje i samotnou půdu. Jsou místem studia, odpočinku, ale i tajemství a nečekaných objevů.

**Černé jezero**
Rozlehlé a chladné jezero leží na západ od hradu a jeho hladina často odráží nebe, měsíc i obrysy věží. Je hluboké a tiché, ale pod jeho povrchem se skrývá život – od obří olihně po společenství mořských lidí. Na břehu jezera se často odehrávají výuky a soutěže, ale i osamělé procházky studentů hledajících klid.

**Skleníky a bylinkářské zahrady**
Na slunné straně hradu se rozkládá několik skleníků a terasovitých zahrad, kde studenti pěstují magické rostliny. Každý skleník má svou vlastní úroveň zabezpečení, podle nebezpečnosti pěstovaných exemplářů – od nevinných mandragor po masožravé teboře.

**Pozemky a cvičiště**
Rozlehlé zatravněné plochy slouží k různorodým aktivitám – od lektvarového sběru, přes cvičení kouzel až po soutěže jednotlivých kolejí. Část pozemků je oddělena ochrannými kouzly, aby zde mohli studenti zkoušet i složitější kouzla či obranné techniky bez rizika.

**Famfrpálové hřiště**
Na otevřené pláni poblíž lesa stojí impozantní famfrpálové hřiště, s vysokými tribunami a zlatavými brankovými obručemi. Zde se odehrávají zápasy kolejí, tréninky i velké turnaje. Hřiště je očarováno tak, aby zabránilo zraněním i úniku míčů mimo prostor.', NULL);
INSERT INTO "chat_rooms" ("id", "name", "description", "is_public", "created_at", "category_id", "sort_order", "long_description", "password") VALUES (30, 'U Černé labutě', 'Mudlovská hospoda páté cenové', true, '2025-06-01T19:01:27.319Z', 24, 0, '*„Ticho je v téhle hospodě někdy hlasitější než křik. A ti, co opravdu vidí, se radši moc neptají.“*

**Lokalita**: předměstí Londýna, poblíž nádraží King''s Cross

**Popis:**
The Black Swan je stará viktoriánská hospoda s tmavým dřevem, okny s vitrážemi a všudypřítomným pachem piva, starého tabáku a uhlí. Působí jako zapomenuté místo, které si ještě nezvyklo na moderní svět. Přízemí tvoří klasický výčep s masivním barem, zatímco v patře se nachází několik pokojů, které se nepronajímají – alespoň ne oficiálně.

Pověsti praví, že se zde scházeli špióni během války a že pod podlahou je zazděná tajná místnost. Obyčejní hosté si chodí zahrát karty nebo zazpívat za doprovodu rozladěného piana, ale pár vnímavějších čarodějů může pocítit lehké zakřivení magie – jako by tu cosi zůstalo z minulosti.

**Zajímavost:**
Za barem často stojí postarší majitelka, paní Edith Graftonová – vdova po padlém vojákovi, která „vidí víc, než říká“. Možná má ve sklepě zapečetěnou láhev s velmi zvláštní whisky, kterou prý kdysi dostala od muže s očima jako ocel.', NULL);
INSERT INTO "chat_rooms" ("id", "name", "description", "is_public", "created_at", "category_id", "sort_order", "long_description", "password") VALUES (31, 'U Pozlacené lišky', 'Tady se schází smetánka na drink.', true, '2025-06-01T19:24:08.961Z', 28, 0, '*„Zlato na liščí srsti je jen maska. Skutečný lesk je v očích těch, kdo vědí, kam se dívat.“*

**Lokalita:** Bloomsbury, Londýn – jen pár ulic od Britského muzea
**Typ:** Elegantní mudlovský bar a restaurace s nádechem dekadence a tajemství, často navštěvovaný intelektuály, umělci, bohémy a… občas i někým, kdo umí lusknutím prstu zhasnout svíčku.

**Popis:**
The Gilded Fox je podnik, který láká na své sametové křesla, měděné lampy a atmosféru jazzového večera, který se nikdy zcela nerozplyne. Interiér je vytříbený – hedvábné závěsy, kožené pohovky, zrcadla v mosazných rámech a diskrétní obsluha v černobílých uniformách.

Večery jsou provázeny živou hudbou: tlumený klavír, housle nebo saxofon. Víno se nalévá do broušených sklenic, a servíruje se zvěřina, pečené fíky nebo čokoládové dezerty se zlatým prachem. Není těžké uvěřit, že sem zavítají i „ti jiní“ – zvlášť ve chvílích, kdy hodiny bijí půlnoc a hosté mluví tišším hlasem než dřív.

**Zajímavost:**
O majiteli se ví jen tolik, že se podepisuje jako „R. L.“ – nikdy není přítomen, ale personál se chová, jako by je sledoval. Někteří říkají, že Gilded Fox má vlastní „knihu hostů“, do které se zapisují jen ti, kdo přijdou hledat něco víc než jen drink. Možná tam někdy najdeš i známá jména z jiného světa.', NULL);
INSERT INTO "chat_rooms" ("id", "name", "description", "is_public", "created_at", "category_id", "sort_order", "long_description", "password") VALUES (32, 'Spící drak', 'Kde sny hoří pomalu a minulost šeptá v kouři.', true, '2025-06-01T19:38:03.713Z', 31, 0, '*„Ten, kdo spí v kouři, se možná jednou probudí v jiné době.“*

**Lokalita:** Limehouse, Východní Londýn – ve stínu čínských lampionů, na konci jedné z úzkých uliček vedoucích od přístavu.
**Typ:** Opiové doupě pro ztracené duše, básníky, pašeráky, špiony i čaroděje, kteří se chtějí dotknout hranice snu a smrti.

**Popis:**
Za těžkými závěsy z karmínového sametu se svět ztiší. Uvnitř Spícího draka je šero, sladký kouř a tlumené tóny orientální hudby, přetnuté jen bubláním dýmek a občasným smíchem, který jako by přišel z jiného světa.

Nízké stoly, polštáře a obrazce draků na hedvábných paravánech navozují dojem chrámu ztracených vzpomínek. Někteří návštěvníci nepromluví celé hodiny. Jiní šeptají jména mrtvých. A někteří... někteří tam prý viděli věci, které se dosud nestaly.

Místní říkají, že pokud si dáš třetí dýmku a vydržíš bdělý, můžeš zahlédnout „Spícího draka“ – prastarého tvora, který hlídá práh mezi životem a snem. Nebo že si tě odnese.', NULL);
INSERT INTO "chat_rooms" ("id", "name", "description", "is_public", "created_at", "category_id", "sort_order", "long_description", "password") VALUES (33, 'Doky', 'Doky – místo, kde se mlha mísí se lží a každé setkání má svou cenu.', true, '2025-06-01T19:43:38.556Z', 32, 0, '*„Na molu nekladeš otázky – jen si pamatuj, co jsi prodal a co sis nechal.“*

V šedém ranním oparu se nad Temží pomalu vynořují siluety jeřábů, stožárů a komínů parníků. Londýnské doky, srdce britského obchodu a zároveň jeho stíny, pulsují životem, potem a dřinou. Po kamenných nábřežích se kodrcají povozy naložené čajem, tabákem, hedvábím a kořením – zbožím přivezeným z dalekých koutů impéria. Z úzkých uliček mezi sklady a přístavními hospodami se line směsice pachů: mořská sůl, nafta, shnilé dřevo i čerstvě upražená káva.
Pracovníci přístavu v hrubých kabátech a čepicích vykládají bedny a barely, zatímco jejich hlasité hádky a výkřiky zanikají v rámusu lodních sirén a škrábání oceli o kámen. Mnozí z nich jsou váleční veteráni nebo migranti z Irska, Skotska a kolonií, kteří zde hledají obživu, ale často nacházejí jen těžkou práci a bídu.
Přístavní hospody jako The Iron Anchor či Mermaid''s Rest jsou plné piva, kouře a starých mořských příběhů. V opileckém šeru se tu obchoduje, smlouvá, i mizí beze stopy. Občas se šeptá o černém trhu, o tajemných bednách bez označení a o lidech, kteří se plaví bez dokladů i bez otázek.
Celou oblastí se line neklidná energie – město v přechodu mezi starým světem a modernitou. Mezi parníky se už objevují první motorové lodě, staré sklady se proměňují v montážní haly. Ale pod tou změnou zůstává cosi nehybného: špína, chudoba a naděje, že příští loď přiveze nový začátek.
A i když se většina obyvatel dívá jen na účetní knihy a přístavní plány, ti vnímavější cítí, že v šeru mezi kontejnery se občas mihne něco... zvláštního. Něco, co nepatří do světa mudlů.', NULL);
INSERT INTO "chat_rooms" ("id", "name", "description", "is_public", "created_at", "category_id", "sort_order", "long_description", "password") VALUES (34, 'Tower', 'Starobylá pevnost, jejíž chladné zdi pamatují tolik kouzel, kolik krve — a ani jedno nezmizelo.', true, '2025-06-01T19:46:35.887Z', 33, 0, '*„Ve stínech věže šeptá historie krve, zrady a nikdy neodčiněných slibů.“*

Tower of London stojí nad Temží jako ztělesnění dávné moci, chladu a neústupnosti. Jeho kamenné zdi jsou ošlehané větrem staletí, nasákly krev popravených i šeptané modlitby vězňů. V dnešní době už Tower není aktivním vězením, ale muzeem a památníkem říše – jeho brány se otevírají turistům, vojákům a historikům, kteří přicházejí obdivovat korunovační klenoty i ponurou atmosféru.
Ale nocí Tower nemlčí. Strážní – známí jako Yeoman Warders, zvaní též "Beefeateři" – se potulují chodbami s halapartnami a lucernami, zatímco v temných koutech jako by stále zněly kroky duchů minulosti. Někteří přísahají, že zahlédli Annu Boleynovou bez hlavy, jiní mluví o nejasných postavách ve věžích, které mizí dřív, než je stačí popsat.
Nedaleko Toweru se klenou Tower Bridge – technický zázrak viktoriánské doby – a St Katharine Docks, elegantnější přístavní oblast pro bohatší vrstvy, ale v roce 1925 už lehce upadá. Ještě před pár dekádami sem vplouvaly jachty a výstavní lodě, teď už jsou zde sklady, malé dílny a několik pozapomenutých kaváren s výhledem na řeku.
Po ulicích mezi Towerem a Temží se pohybují úředníci, vojáci, námořníci i kapsáři. Smíšená společnost, kde každý nosí kabát a tvář, která se hodí k jeho postavení. Policie je vidět, ale spíše z povinnosti než z přesvědčení. V tmavých uličkách jako by stále přežíval starý Londýn, ten, který znali Jack Rozparovač, Dickens i alchymisté.
A jsou místa, kam turisté nechodí – stinné průchody mezi budovami, zamčené vchody pod věží, výklenky v hradbách. Místa, kde se šeptá v jazyku, který pamatují jen ti nejstarší. Místa, kde občas blikne lucerna, ale není vidět, kdo ji drží.', NULL);
INSERT INTO "chat_rooms" ("id", "name", "description", "is_public", "created_at", "category_id", "sort_order", "long_description", "password") VALUES (35, 'Temže', 'Městem protékající šedý proud, jenž unáší stíny minulosti i potají pronesená zaklínadla.', true, '2025-06-01T19:48:56.601Z', 34, 0, '*„Temže si všechno pamatuje — i to, co by Londýn nejraději zapomněl.“*

Temže živoucí tepnou Londýna – špinavá, hlučná a plná kontrastů. Její šedé vody protékají srdcem města, lemované doky, skladišti, továrnami a dělnickými čtvrtěmi. Ranní mlha se zdržuje nízko nad hladinou, mísí se s kouřem z parníků a komínů a dává řece téměř snový, melancholický nádech.
Mosty jako London Bridge, Tower Bridge nebo novější Blackfriars Bridge spojují oba břehy, kde se mísí viktoriánská architektura s náznaky modernity – automobilů přibývá, ale koně a povozy stále převažují.
Na Temži je čilý lodní provoz: říční čluny, parníky, rybářské lodě a nákladní bárky, z nichž mnohé míří do londýnských přístavů. U nábřeží se pohybují žebráci, prodavači novin, děti hrající si s klacíky i obchodníci, kteří spěchají do města.
V noci řeka temní, zrcadlí rozptýlená světla plynových lamp a svítící okna barů a nevěstinců v nižších čtvrtích. Sem tam prý zahlédneš i něco, co vypadá jako stín bez těla, šepot beze jména – Temže skrývá i své vlastní legendy.
Pro kouzelníky zůstává mudlovská Temže zónou, kde magie ustupuje, ale nikdy zcela nemizí. Pod hladinou se údajně skrývají pozůstatky starých rituálů, runami značené kotvy a ztracené artefakty. Někteří tvrdí, že staré vody Londýna jsou natolik nasáklé dějinami, že rezonují i s kouzly zapomenutými v čase.', NULL);

-- Table: chat_categories
DELETE FROM "chat_categories";
INSERT INTO "chat_categories" ("id", "name", "description", "parent_id", "sort_order", "created_at") VALUES (1, 'Kouzelnický Londýn', 'Hlavní oblast kouzelného Londýna', NULL, 0, '2025-05-29T18:28:17.560Z');
INSERT INTO "chat_categories" ("id", "name", "description", "parent_id", "sort_order", "created_at") VALUES (23, 'Mudlovský Londýn', 'Oblasti mudlovského Londýna', NULL, 1, '2025-06-01T18:56:28.131Z');
INSERT INTO "chat_categories" ("id", "name", "description", "parent_id", "sort_order", "created_at") VALUES (24, 'U Černé labutě', 'Hospoda zapadlá, začouzená, ale naše.', 23, 0, '2025-06-01T19:01:20.562Z');
INSERT INTO "chat_categories" ("id", "name", "description", "parent_id", "sort_order", "created_at") VALUES (2, 'Příčná ulice', 'Hlavní nákupní ulice kouzelného světa', 1, 2, '2025-05-29T18:28:17.606Z');
INSERT INTO "chat_categories" ("id", "name", "description", "parent_id", "sort_order", "created_at") VALUES (31, 'Spící drak', 'Opiové doupě na okraji Čínské čtvrti', 23, 0, '2025-06-01T19:35:54.076Z');
INSERT INTO "chat_categories" ("id", "name", "description", "parent_id", "sort_order", "created_at") VALUES (3, 'Obrtlá ulice', 'Temná ulička s podezřelými obchody', 1, 3, '2025-05-29T18:28:17.647Z');
INSERT INTO "chat_categories" ("id", "name", "description", "parent_id", "sort_order", "created_at") VALUES (28, 'U Pozlacené lišky', 'Bez obleku vás dovnitř nepustí.', 23, 0, '2025-06-01T19:22:24.921Z');
INSERT INTO "chat_categories" ("id", "name", "description", "parent_id", "sort_order", "created_at") VALUES (32, 'Doky', 'Přístavní čtvrť plná jeřábů, ale i lodí vonících dálkami.', 23, 0, '2025-06-01T19:42:28.818Z');
INSERT INTO "chat_categories" ("id", "name", "description", "parent_id", "sort_order", "created_at") VALUES (33, 'Tower', 'Stará pevnost a vězení', 23, 0, '2025-06-01T19:45:42.182Z');
INSERT INTO "chat_categories" ("id", "name", "description", "parent_id", "sort_order", "created_at") VALUES (34, 'Temže', 'Hlavní tepna Londýna', 23, 0, '2025-06-01T19:47:40.117Z');
INSERT INTO "chat_categories" ("id", "name", "description", "parent_id", "sort_order", "created_at") VALUES (4, 'Ministerstvo kouzel', 'Úřad kouzelné vlády', 1, 9, '2025-05-29T18:39:54.972Z');
INSERT INTO "chat_categories" ("id", "name", "description", "parent_id", "sort_order", "created_at") VALUES (6, 'Katakomby', 'Podzemní bludiště pod Londýnem', 1, 11, '2025-05-29T18:39:55.090Z');
INSERT INTO "chat_categories" ("id", "name", "description", "parent_id", "sort_order", "created_at") VALUES (5, 'Nemocnice u sv. Munga', 'Nemocnice pro kouzelné nemoci a úrazy', 1, 10, '2025-05-29T18:39:55.038Z');
INSERT INTO "chat_categories" ("id", "name", "description", "parent_id", "sort_order", "created_at") VALUES (13, 'Bydlení', 'Soukromá bydlení a sídla', NULL, 12, '2025-05-31T23:25:29.956Z');
INSERT INTO "chat_categories" ("id", "name", "description", "parent_id", "sort_order", "created_at") VALUES (12, 'Londýnské uličky', 'Že nejsou v Londýně kouzelnická místa? Jste si jist?', 1, 8, '2025-05-31T21:20:30.196Z');
INSERT INTO "chat_categories" ("id", "name", "description", "parent_id", "sort_order", "created_at") VALUES (7, 'Britské ostrovy', 'Británie a její nejbližší okolí', NULL, 4, '2025-05-31T08:40:54.062Z');
INSERT INTO "chat_categories" ("id", "name", "description", "parent_id", "sort_order", "created_at") VALUES (22, 'Irsko', NULL, 7, 7, '2025-06-01T17:46:13.668Z');
INSERT INTO "chat_categories" ("id", "name", "description", "parent_id", "sort_order", "created_at") VALUES (14, 'Azkaban', 'Kouzelnické vězení', 7, 6, '2025-06-01T11:56:33.046Z');
INSERT INTO "chat_categories" ("id", "name", "description", "parent_id", "sort_order", "created_at") VALUES (8, 'Bradavice', 'Bradavická škola čar a kouzel a její okolí', 7, 5, '2025-05-31T08:43:46.675Z');

-- Table: messages
DELETE FROM "messages";
INSERT INTO "messages" ("id", "room_id", "character_id", "content", "message_type", "created_at") VALUES (184, 3, 1, 'Kouzlím Lumos
[Seslal kouzlo Lumos (1/10) - Neúspěch] Rozsvítí konec hůlky jako svítilnu - Rozsvítí konec hůlky jako svítilnu.', 'spell_cast', '2025-06-02T10:18:48.227Z');
INSERT INTO "messages" ("id", "room_id", "character_id", "content", "message_type", "created_at") VALUES (185, 2, 7, 'hodil mincí: orel', 'coin_flip', '2025-06-08T14:34:14.237Z');
INSERT INTO "messages" ("id", "room_id", "character_id", "content", "message_type", "created_at") VALUES (186, 2, 7, 'hodil mincí: panna', 'coin_flip', '2025-06-08T14:34:16.072Z');
INSERT INTO "messages" ("id", "room_id", "character_id", "content", "message_type", "created_at") VALUES (187, 2, 7, 'hodil mincí: orel', 'coin_flip', '2025-06-08T14:34:18.037Z');
INSERT INTO "messages" ("id", "room_id", "character_id", "content", "message_type", "created_at") VALUES (188, 30, 7, 'test', 'text', '2025-06-08T14:59:24.611Z');
INSERT INTO "messages" ("id", "room_id", "character_id", "content", "message_type", "created_at") VALUES (189, 30, 6, '.....', 'narrator', '2025-06-08T14:59:55.619Z');
INSERT INTO "messages" ("id", "room_id", "character_id", "content", "message_type", "created_at") VALUES (190, 3, 16, '*vleze nějakému mudlovi do okna* Dobrí den, přišjel sem váz znízt.', 'text', '2025-06-08T15:21:22.283Z');
INSERT INTO "messages" ("id", "room_id", "character_id", "content", "message_type", "created_at") VALUES (191, 3, 16, 'hodil kostkou: 10', 'dice_roll', '2025-06-08T15:21:49.517Z');
INSERT INTO "messages" ("id", "room_id", "character_id", "content", "message_type", "created_at") VALUES (192, 3, 16, '*pokusí se sníst mudlu*', 'text', '2025-06-08T15:21:51.300Z');
INSERT INTO "messages" ("id", "room_id", "character_id", "content", "message_type", "created_at") VALUES (193, 3, 16, '*mudla se nechá sníst*', 'text', '2025-06-08T15:22:05.709Z');
INSERT INTO "messages" ("id", "room_id", "character_id", "content", "message_type", "created_at") VALUES (194, 3, 16, '*vyleze z okna a odejde z ulice*', 'text', '2025-06-08T15:22:33.727Z');
INSERT INTO "messages" ("id", "room_id", "character_id", "content", "message_type", "created_at") VALUES (195, 3, 17, 'hodil kostkou: 10', 'dice_roll', '2025-06-08T15:23:07.932Z');
INSERT INTO "messages" ("id", "room_id", "character_id", "content", "message_type", "created_at") VALUES (196, 3, 16, '*uloví krysu a vysaje z ní krev*', 'text', '2025-06-08T15:23:32.787Z');
INSERT INTO "messages" ("id", "room_id", "character_id", "content", "message_type", "created_at") VALUES (197, 3, 16, 'hodil kostkou: 1', 'dice_roll', '2025-06-08T15:23:35.696Z');
INSERT INTO "messages" ("id", "room_id", "character_id", "content", "message_type", "created_at") VALUES (198, 3, 16, 'Au *umře', 'text', '2025-06-08T15:23:54.872Z');
INSERT INTO "messages" ("id", "room_id", "character_id", "content", "message_type", "created_at") VALUES (199, 29, 16, '*oživí se v Azkabanu* jupí nové bydlení', 'text', '2025-06-08T15:31:39.922Z');
INSERT INTO "messages" ("id", "room_id", "character_id", "content", "message_type", "created_at") VALUES (200, 29, 16, '*oživí se v Azkabanu* jupí nové bydlení', 'text', '2025-06-08T15:31:40.197Z');
INSERT INTO "messages" ("id", "room_id", "character_id", "content", "message_type", "created_at") VALUES (201, 29, 16, 'Ale bažina je lešpí', 'text', '2025-06-08T15:31:52.561Z');
INSERT INTO "messages" ("id", "room_id", "character_id", "content", "message_type", "created_at") VALUES (202, 3, 17, 'Matty funguje', 'text', '2025-06-08T15:32:45.433Z');
INSERT INTO "messages" ("id", "room_id", "character_id", "content", "message_type", "created_at") VALUES (203, 3, 17, 'Matty funguje', 'text', '2025-06-08T15:32:45.486Z');
INSERT INTO "messages" ("id", "room_id", "character_id", "content", "message_type", "created_at") VALUES (205, 3, 17, 'Matty funguje', 'text', '2025-06-08T15:32:45.487Z');
INSERT INTO "messages" ("id", "room_id", "character_id", "content", "message_type", "created_at") VALUES (204, 3, 17, 'Matty funguje', 'text', '2025-06-08T15:32:45.486Z');
INSERT INTO "messages" ("id", "room_id", "character_id", "content", "message_type", "created_at") VALUES (206, 3, 17, 'Matty funguje', 'text', '2025-06-08T15:32:45.488Z');
INSERT INTO "messages" ("id", "room_id", "character_id", "content", "message_type", "created_at") VALUES (207, 3, 17, 'Matty funguje', 'text', '2025-06-08T15:32:45.488Z');
INSERT INTO "messages" ("id", "room_id", "character_id", "content", "message_type", "created_at") VALUES (208, 3, 17, 'Matty funguje', 'text', '2025-06-08T15:32:45.493Z');
INSERT INTO "messages" ("id", "room_id", "character_id", "content", "message_type", "created_at") VALUES (209, 3, 17, 'Matty funguje', 'text', '2025-06-08T15:32:45.495Z');
INSERT INTO "messages" ("id", "room_id", "character_id", "content", "message_type", "created_at") VALUES (210, 3, 17, 'Matty funguje', 'text', '2025-06-08T15:32:45.497Z');
INSERT INTO "messages" ("id", "room_id", "character_id", "content", "message_type", "created_at") VALUES (211, 3, 17, 'Matty funguje', 'text', '2025-06-08T15:32:45.499Z');
INSERT INTO "messages" ("id", "room_id", "character_id", "content", "message_type", "created_at") VALUES (212, 3, 17, 'Matty funguje', 'text', '2025-06-08T15:32:45.533Z');
INSERT INTO "messages" ("id", "room_id", "character_id", "content", "message_type", "created_at") VALUES (213, 3, 17, 'Matty funguje', 'text', '2025-06-08T15:32:45.534Z');
INSERT INTO "messages" ("id", "room_id", "character_id", "content", "message_type", "created_at") VALUES (214, 3, 17, 'Matty funguje', 'text', '2025-06-08T15:32:45.537Z');
INSERT INTO "messages" ("id", "room_id", "character_id", "content", "message_type", "created_at") VALUES (215, 3, 17, 'Matty funguje', 'text', '2025-06-08T15:32:45.537Z');
INSERT INTO "messages" ("id", "room_id", "character_id", "content", "message_type", "created_at") VALUES (216, 3, 17, 'Matty funguje', 'text', '2025-06-08T15:32:45.545Z');
INSERT INTO "messages" ("id", "room_id", "character_id", "content", "message_type", "created_at") VALUES (217, 3, 17, 'Matty funguje', 'text', '2025-06-08T15:32:45.551Z');
INSERT INTO "messages" ("id", "room_id", "character_id", "content", "message_type", "created_at") VALUES (218, 3, 17, 'Matty funguje', 'text', '2025-06-08T15:32:45.551Z');
INSERT INTO "messages" ("id", "room_id", "character_id", "content", "message_type", "created_at") VALUES (219, 3, 17, 'Matty funguje', 'text', '2025-06-08T15:32:45.551Z');
INSERT INTO "messages" ("id", "room_id", "character_id", "content", "message_type", "created_at") VALUES (220, 29, 13, 'Bafiky baf!', 'text', '2025-06-08T15:32:48.699Z');
INSERT INTO "messages" ("id", "room_id", "character_id", "content", "message_type", "created_at") VALUES (221, 3, 13, 'Baf!', 'text', '2025-06-08T15:33:52.361Z');
INSERT INTO "messages" ("id", "room_id", "character_id", "content", "message_type", "created_at") VALUES (222, 29, 16, 'Aaaaaa *lek*', 'text', '2025-06-08T15:33:59.201Z');
INSERT INTO "messages" ("id", "room_id", "character_id", "content", "message_type", "created_at") VALUES (223, 3, 13, '*Ukradne houby.*', 'text', '2025-06-08T15:34:29.629Z');
INSERT INTO "messages" ("id", "room_id", "character_id", "content", "message_type", "created_at") VALUES (224, 3, 17, '*Praští Zoe přes prsty.*', 'text', '2025-06-08T15:34:50.506Z');
INSERT INTO "messages" ("id", "room_id", "character_id", "content", "message_type", "created_at") VALUES (225, 37, 16, 'Ahoj bažino *zakřičí*', 'text', '2025-06-08T15:35:21.939Z');
INSERT INTO "messages" ("id", "room_id", "character_id", "content", "message_type", "created_at") VALUES (226, 37, 13, '*vydává bublavý zvuk* huš!', 'text', '2025-06-08T15:36:18.628Z');
INSERT INTO "messages" ("id", "room_id", "character_id", "content", "message_type", "created_at") VALUES (227, 27, 16, 'Bububu, tadi se mi lýbý, tadi budu straršir', 'text', '2025-06-08T15:37:28.866Z');
INSERT INTO "messages" ("id", "room_id", "character_id", "content", "message_type", "created_at") VALUES (228, 19, 16, '*odejde*', 'text', '2025-06-08T15:38:07.501Z');
INSERT INTO "messages" ("id", "room_id", "character_id", "content", "message_type", "created_at") VALUES (229, 19, 16, 'Ovjevi se svitlo
[Seslal kouzlo Lumos (5/10) - Úspěch] Rozsvítí konec hůlky jako svítilnu - Rozsvítí konec hůlky jako svítilnu.', 'spell_cast', '2025-06-08T15:38:20.646Z');
INSERT INTO "messages" ("id", "room_id", "character_id", "content", "message_type", "created_at") VALUES (230, 19, 19, '*ubytuje se na ubytovně*', 'text', '2025-06-08T15:48:57.222Z');
INSERT INTO "messages" ("id", "room_id", "character_id", "content", "message_type", "created_at") VALUES (231, 19, 19, '*vejde do pokoje* ahojte debilove, ja sem sprava ubytovani a vsechny vas ted vyhazuju, cau', 'text', '2025-06-08T15:53:26.141Z');
INSERT INTO "messages" ("id", "room_id", "character_id", "content", "message_type", "created_at") VALUES (232, 19, 19, '*pokusi se vykopnout bezdaka*', 'text', '2025-06-08T15:53:48.488Z');
INSERT INTO "messages" ("id", "room_id", "character_id", "content", "message_type", "created_at") VALUES (233, 19, 19, 'hodil mincí: orel', 'coin_flip', '2025-06-08T15:53:51.905Z');
INSERT INTO "messages" ("id", "room_id", "character_id", "content", "message_type", "created_at") VALUES (234, 19, 19, '*bezdak se brani* au', 'text', '2025-06-08T15:54:09.004Z');
INSERT INTO "messages" ("id", "room_id", "character_id", "content", "message_type", "created_at") VALUES (235, 19, 19, '*sesle avada kedavra*', 'text', '2025-06-08T15:54:28.774Z');
INSERT INTO "messages" ("id", "room_id", "character_id", "content", "message_type", "created_at") VALUES (236, 19, 19, 'hodil kostkou: 4', 'dice_roll', '2025-06-08T15:54:34.571Z');
INSERT INTO "messages" ("id", "room_id", "character_id", "content", "message_type", "created_at") VALUES (237, 19, 19, 'Sakra', 'text', '2025-06-08T15:54:44.652Z');
INSERT INTO "messages" ("id", "room_id", "character_id", "content", "message_type", "created_at") VALUES (238, 19, 19, 'PREROBTE TO', 'text', '2025-06-08T15:55:20.101Z');

-- Table: wand_woods
DELETE FROM "wand_woods";
INSERT INTO "wand_woods" ("id", "name", "short_description", "long_description", "available_for_random", "created_at") VALUES (15, 'Cesmína', 'Vzácná a ochranářská hůlka pro vznětlivé jedince na duchovní cestě; její skutečná síla září ve výjimečném spojení s jádrem.', 'Cesmína je jedním z vzácnějších hůlkových dřev; jakožto odjakživa považována za ochranářskou, cesmínová hůlka nejraději pracuje s těmi, co bývají vznětliví a mohou potřebovat pomoc při přemáhání hněvu. Zároveň si však vybírají i ty, kteří jsou namočeni v nějakém nebezpečném a často duchovním hledání. Cesmínové dřevo je z těch, jejichž schopnosti se velmi liší v závislosti na jádru hůlky, a je všeobecně velmi těžké skloubit cesmínu s perem fénixe, jelikož její těkavost se zvláštním způsobem střetává s nestranností fénixova pera. Pokud se však výjimečně stane, že se je podaří zkombinovat, pak by jim raději nic a nikdo neměl stát v cestě. Majitelé: Harry Potter', true, '2025-06-02T12:12:08.492Z');
INSERT INTO "wand_woods" ("id", "name", "short_description", "long_description", "available_for_random", "created_at") VALUES (35, 'Olše', 'Nepoddajné dřevo, ideální pro nápomocné a ohleduplné kouzelníky; vyniká v non-verbální magii na nejvyšší úrovni.', 'Dřevo z olše je nepoddajné, zjistil jsem, že ideální majitel by tudíž neměl být tvrdohlavý či umíněný, ba naopak nápomocný, ohleduplný a co nejvíce sympatický. Ačkoliv mnoho hůlek hledá pány podobných vlastností jako ony samy, olše je neobvyklá tím, že spíše touží po povahách, které nejsou-li jejím přímým opakem, tak se alespoň výrazně odlišují. Pokud se pro hůlku z olše najde dobrý majitel, stane se z ní velkolepý a věrný pomocník. Ze všech typů hůlek je olše nejlepší na non-verbální zaklínadla, tudíž pasuje nejlépe k čarodějkám a čarodějům na těch nejvyšších úrovních. Majitelé: Quirinus Quirrell', true, '2025-06-02T12:12:08.884Z');
INSERT INTO "wand_woods" ("id", "name", "short_description", "long_description", "available_for_random", "created_at") VALUES (18, 'Černý ořech', 'Velmi vnímavé dřevo, které vyžaduje čaroděje s čistým svědomím a silnou intuicí. Ztrácí sílu, pokud je jeho vlastník neupřímný sám k sobě.', 'Jsa méně častými než ty z klasického ořechu, hůlky vyrobené z černého ořechu hledají pána s dobrými instinkty a velkým porozuměním. Dřevo z černého ořechu je velice pěkné, avšak ne zrovna nejlehčí k ovládnutí. Má jednu vyslovenou výstřednost, a to že je neobvykle vnímavé vůči vnitřnímu konfliktu, přičemž velmi poklesne jeho síla, pokud se jeho vlastník pokusí o jakýkoliv sebeklam. Pokud čarodějka nebo kouzelník nemohou, anebo nechtějí být k sobě upřímní, hůlka často přestane správně fungovat a musí být předána novému vlastníkovi, pokud má opět nabýt svých původních kvalit. Nicméně nalezne-li upřímného, sebevědomého majitele, stane se z ní jedna z nejvěrnějších a nejpůsobivějších hůlek se zvláštními vlohami pro všechny způsoby zaklínání.', true, '2025-06-02T12:12:08.548Z');
INSERT INTO "wand_woods" ("id", "name", "short_description", "long_description", "available_for_random", "created_at") VALUES (12, 'Borovice', 'Hůlka nezávislých a originálních jedinců s dlouhověkostí v osudu; výborně reaguje na neverbální magii.', 'Hůlka vyrobená z rovnovláknitého dřeva borovice si vždy vybírá ty, kdož jsou nezávislí a samostatní, a bývají považováni za osamělé, zvláštní a možná i tajemné. Borovicové hůlky chtějí být používány kreativně, a na rozdíl od mnohých se bez protestů podvolí novým metodám a zaklínadlům. Mnoho hůlkařů tvrdí, že borovicové hůlky vyhledávají a také odvádějí nejlepší práci majitelům, kteří jsou předurčeni se dožít vysokého věku, a já mohu potvrdit, že jsem ještě nikdy neznal kouzelníka s borovicovou hůlkou, který by zemřel mladý. Borovicová hůlka také patří k těm, které jsou nejvíce vnímavé vůči non-verbálním kouzlům.', true, '2025-06-02T12:12:08.437Z');
INSERT INTO "wand_woods" ("id", "name", "short_description", "long_description", "available_for_random", "created_at") VALUES (16, 'Cypřiš', 'Šlechetná hůlka pro statečné a obětavé duše, které se nebojí čelit temnotě – často spojená s hrdinskou smrtí.', 'Cypřišové hůlky jsou spojovány s urozeností. Velký hůlkový výrobce působící ve středověku, Geraint Ollivander, napsal, že byl vždy poctěn, když udal cypřišovou hůlku, protože věděl, že potkává čarodějku či čaroděje, kdož zemřou hrdinskou smrtí. Bohudík, v dnešních méně krvelačných časech vlastníci cypřišových hůlek musí málokdy pokládat své životy, ačkoliv bezpochyby by to mnoho z nich udělalo, pokud by to bylo třeba. Hůlky z cypřiše nalézají své partnery v statečných, troufalých a sebeobětavých – v těch, kdo se nebojí čelit stínům v myslích svých i ostatních. Majitelé: Remus Lupin', true, '2025-06-02T12:12:08.512Z');
INSERT INTO "wand_woods" ("id", "name", "short_description", "long_description", "available_for_random", "created_at") VALUES (32, 'Lípa stříbřitá', 'Atraktivní dřevo oblíbené u jasnovidců a zručných nitrozpytníků, dodává prestiž.', 'Toto neobvyklé a velmi atraktivní dřevo bylo ve velké módě v devatenáctém století. Bylo tak žádané, že poptávka brzy přerostla nabídku a neseriózní výrobci hůlek pak barvili podprůměrná dřeva ve snaze podfouknout své zákazníky. Důvod, proč byly lipové hůlky tak žádané, spočívá nejen v tom, že jsou skutečně výjimečně krásné, ale také v tom, že mají pověst nejlepších hůlek pro jasnovidce a ty, zručné v nitrozpytu, což pochopitelně způsobuje silnou poptávku mezi čaroději a čarodějkami, kteří pracují v Ministerstvu pro kouzelnictví. Pokud lipová hůlka najde toho správného majitele, je schopna provádět mimořádně silná kouzla. Při nesprávném spárování se naopak velmi rychle pokřiví a musí být nahrazena.', true, '2025-06-02T12:12:08.831Z');
INSERT INTO "wand_woods" ("id", "name", "short_description", "long_description", "available_for_random", "created_at") VALUES (24, 'Hrušeň', 'Zlatavé dřevo pro šlechetné a přívětivé duše, které si zachovává svou krásu a sílu po dlouhá léta. Nikdy nebyla spojena s černou magií.', 'Z tohoto do zlatova zbarveného dřeva se vyrábí hůlky se skvělými magickými schopnostmi, které ze sebe vydají to nejlepší, jsou-li v rukách přívětivých, šlechetných a moudrých čarodějek a kouzelníků. Majitelé hůlek z hrušně jsou, alespoň jak jsem doposud zažil, obvykle velmi oblíbení a respektovaní. Nevím o jediném případu, kdy by byla hrušňová hůlka nalezena ve vlastnictví čarodějky či čaroděje, kteří se dali na cestu černé magie. Hrušňové hůlky patří mezi ty nejpevnější a nejpružnější, a často jsem zpozoroval, že si zachovají vzhled nové hůlky i po několika letech nepřestálého používání.', true, '2025-06-02T12:12:08.671Z');
INSERT INTO "wand_woods" ("id", "name", "short_description", "long_description", "available_for_random", "created_at") VALUES (25, 'Jabloň', 'Mocné dřevo vhodné pro ty s vysokými cíli a ideály, špatně se hodí pro černou magii. Často umožňuje mluvit s magickými tvory jejich přirozenými jazyky.', 'Jabloňových hůlek se nevyrábí mnoho. Jsou mocné a nejvhodnější pro majitele s vysokými cíli a ideály, proto se toto dřevo špatně používá na černou magii. Tvrdí se, že držitele hůlky z jabloně čeká dlouhý a šťastný život a já jsem si všiml, že zákazníci s velkým osobním kouzlem najdou skvělý protějšek právě v jabloňové hůlce. Neobvyklá schopnost mluvit s ostatními magickými tvory jejich přirozenými jazyky se často vyskytuje u držitelů jabloňových hůlek, což platí i u oceňovaného autora díla Mořští lidé: obsáhlý průvodce jejich jazykem a kulturou, Dylana Marwooda. Majitelé: Dylan Marwood', true, '2025-06-02T12:12:08.688Z');
INSERT INTO "wand_woods" ("id", "name", "short_description", "long_description", "available_for_random", "created_at") VALUES (28, 'Jedle', 'Odolné dřevo, vyžaduje cílevědomé a rozhodné majitele. V rukou nerozhodných se stává slabou.', 'Můj vznešený dědeček, Gerbold Ollivander, vždycky říkal hůlkám z tohoto dřeva "hůlka přeživších," neboť je kdysi prodal třem kouzelníkům, kteří posléze prošli smrtelným nebezpečím bez zkřiveného vlásku. Však také toto dřevo pochází z jednoho z nejodolnějších stromů a hůlky z něj, o čemž není pochyb, vyžadují po svých kouzelnických protějšcích výdrž a jasný cíl; v rukách nerozhodných a proměnlivých se stávají pouze ubohou hračkou. Jedlové hůlky se obzvláště hodí na přeměňování a rády si vybírají vlastníky s cílevědomým, rozhodným, a někdy i poněkud zastrašujícím chováním. Majitelé: Minerva McGonagallová', true, '2025-06-02T12:12:08.743Z');
INSERT INTO "wand_woods" ("id", "name", "short_description", "long_description", "available_for_random", "created_at") VALUES (30, 'Jilm', 'Preferuje kouzelníky s důstojností a obratností, dělá málo chyb a vytváří krásná kouzla. Často volí mudlovské rodiny.', 'Neopodstatněná víra v to, že jilmové hůlky slouží pouze čistokrevným kouzelníkům, byla nepochybně započata jakýmsi vlastníkem hůlky z jilmu, který chtěl dokázat čistotu své vlastní krve, a co já jsem zjistil, nejlepšími partnery jilmových hůlek jsou kouzelníci z mudlovských rodin. Pravdou je, že jilmové hůlky upřednostňují kouzelníky s jistým vzezřením, obratností v magii a určitou přirozenou důstojností. Ze svých zkušeností znám jilm jako dřevo, jež dělá nejméně chyb a hloupých omylů a vyčarovává ta nejkrásnější kouzla a zaříkadla. Jsou to složité a důmyslné hůlky, které, jsou-li ve správných rukou, jsou schopny čarovat na velmi vysoké úrovni (což je opět činí velmi žádanými v řadách těch, kdo podporují myšlenku čistokrevnosti). Majitelé: Lucius Malfoy', true, '2025-06-02T12:12:08.788Z');
INSERT INTO "wand_woods" ("id", "name", "short_description", "long_description", "available_for_random", "created_at") VALUES (10, 'Akácie', 'Vzácná a temperamentní hůlka pro neobyčejně nadané kouzelníky; odmítá spolupracovat s kýmkoliv jiným než se svým pravým majitelem.', 'Velmi neobvyklé hůlkové dřevo, z něhož, jak se mi zdá, pochází hůlky tak trochu lstivé a úskočné, které často odmítnou spolupracovat s kýmkoliv jiným než se svým majitelem a které jsou nejlepší a nejúčinnější v rukou těch nejnadanějších. Tato citlivost je činí obtížně přiřaditelnými, a proto jich mám ve skladu pouze málo pro ty čarodějky a kouzelníky, kteří jsou dostatečně jemní; pro akát se nehodí to, čemu se říká ,bum-a-puf'' magie. Pokud najde dobrého majitele, akáciová hůlka může poskytnout hodně energie, avšak nebývá takto často využívána kvůli zvláštnosti jejího temperamentu.', true, '2025-06-02T12:12:08.376Z');
INSERT INTO "wand_woods" ("id", "name", "short_description", "long_description", "available_for_random", "created_at") VALUES (38, 'Smrk', 'Vyžaduje pevnou ruku a smysl pro humor; hůlky ze smrku jsou věrné a skvělé pro okázalou magii, ale nemají rády nervózní povahy.', 'Nezkušení hůlkaři o smrku často prohlašují, že je velmi zapeklitým dřevem k výrobě hůlek, ale tím pouze dávají najevo vlastní hloupost. Je pravdou, že práce se smrkem vyžaduje obratnost, neb dává vzniknout hůlkám, jež velmi špatně spolupracují s opatrnými a nervózními povahami, a které se stávají vysloveně nebezpečnými, jestliže padnou do nemotorných rukou. Hůlky ze smrku vyžadují ruku pevnou, neboť se zdá, že mají často vlastní představu o tom, k jaké magii by měli být používány. Pokud však smrková hůlka potká správný protějšek – který, jak jsem doposud zažil, je většinou troufalým vrhačem kouzel s dobrým smyslem pro humor – pak se z ní stane ten nejlepší pomocník, nesmírně věrný svému majiteli a schopný produkce mimořádně okázalých a dramatických efektů.', true, '2025-06-02T12:12:08.937Z');
INSERT INTO "wand_woods" ("id", "name", "short_description", "long_description", "available_for_random", "created_at") VALUES (44, 'Vavřín', 'Nezná lenost; věrná hůlka, která dokáže sama sebe bránit a ztrestat zloděje nečekaným bleskem.', 'Říká se, že hůlka z vavřínu není schopna podlosti, ale poznal jsem hůlky, jež na cestě za slávou (na kterou se majitelé těchto hůlek často vydávají) dokázaly vyčarovat mocná a někdy i smrtící kouzla. Někdy jsou označovány za vrtošivé, ale to k nim není spravedlivé. Vavřínové hůlky pouze nesnesou lenost ve svém majiteli, a pokud ji v něm naleznou, často se nechají snadno a dobrovolně odejmout. Pokud se tak nestane, pak se ke svému partnerovi přimknou navždy, nejvýraznějším projevem čehož je, že jsou schopny přivolat nečekaný zásah blesku, pokud se je nějaký čaroděj či čarodějka pokusí ukrást.', true, '2025-06-02T12:12:09.045Z');
INSERT INTO "wand_woods" ("id", "name", "short_description", "long_description", "available_for_random", "created_at") VALUES (19, 'Červený dub', 'Hůlka rychlých reakcí a bystré mysli, ideální pro kouzelníky se sklony k soubojům a originalitě. Vyžaduje hbitého a přizpůsobivého majitele.', 'O červeném dubu často uslyšíte laickou povídačku, že je spolehlivou známkou horké povahy svého majitele. Ve skutečnosti je ideálním partnerem pro hůlku z červeného dubu ten, kdož oplývá neobvykle rychlými reakcemi, což z ní činí perfektní hůlku pro kouzelnické souboje. Vyskytuje se mnohem méně než Anglický dub, a přišel jsem na to, že mistr hůlky z červeného dubu má rychlé pohyby, je bystrý a přizpůsobivý, a často má v zásobě nějaké jedinečné kouzlo, které sám vymyslel. V bitvě je velmi dobré mít někoho takového po svém boku. Podle mého názoru se hůlky z červeného dubu vyskytují mezi těmi nejkrásnějšími čarodějkami a kouzelníky.', true, '2025-06-02T12:12:08.567Z');
INSERT INTO "wand_woods" ("id", "name", "short_description", "long_description", "available_for_random", "created_at") VALUES (21, 'Eben', 'Temné a mocné dřevo pro silné individuality, které se drží svých přesvědčení. Výborné pro přeměňování a bojovou magii.', 'Toto temně černé dřevo má působivý vzhled i reputaci, neb se velmi hodí ke všem typům bojové magie a také k přeměňování. Eben nalézá zalíbení v těch, kdo mají odvahu být sami sebou. Jakožto často nepoddajní, samostatní a spokojení s tím, že nezapadají, vlastníci ebenových hůlek se vyskytují jak v řadách Fénixova Řádu, tak na straně Smrtijedů. Dle mých zkušeností bych řekl, že nejlepším protějškem ebenové hůlky je ten, kdo se pevně drží svých přesvědčení nehledě na okolní tlak, a kdo se jen tak neodkloní od svých záměrů.', true, '2025-06-02T12:12:08.612Z');
INSERT INTO "wand_woods" ("id", "name", "short_description", "long_description", "available_for_random", "created_at") VALUES (29, 'Jeřáb', 'Výborné pro ochranná kouzla a jasnou mysl, odmítá temnou magii. Hodí se pro čaroděje se šlechetným srdcem.', 'Dřevo z jeřábu bylo vždy pro výrobu hůlek velmi oblíbeno, neboť má pověst dřeva mnohem více ochranného než kterékoliv jiné. Ze svých zkušeností vím, že toto dřevo je schopno učinit všechny druhy ochranných kouzel obzvláště silnými a špatně prolomitelnými. Říká se, že žádná čarodějka či kouzelník, kteří se dali na černou magii, nikdy neměli hůlku z jeřábu, a já osobně si nevybavuji jediný případ, kdy by nějaká z mých jeřábových hůlek šla působit ve světě zlo. Jeřáb má rád ty, kteří oplývají jasnou myslí a čistým srdcem, ale tato jeho touha po šlechetnosti ho nečiní slabým – vyrovná se i těm lepším hůlkám, a v soubojích ostatní často překoná.', true, '2025-06-02T12:12:08.763Z');
INSERT INTO "wand_woods" ("id", "name", "short_description", "long_description", "available_for_random", "created_at") VALUES (31, 'Kaštan', 'Mění charakter podle jádra, hodí se pro bylinkáře, krotitele tvorů a letce. Kombinace s jádrem z jednorožce přitahuje ty, kdo se věnují právu.', 'Toto je nejzajímavější, mnohotvářné dřevo, jehož charakter velmi závisí na jádru hůlky, a u něhož i jeho barva spočívá na tom, jakou má povahu. Hůlky z kaštanu jsou nejvíce přitahovány čarodějkami a čaroději, kteří jsou dobří krotitelé magických zvířat, těmi, kteří jsou zběhlí v bylinkářství, a těmi kdož jsou letci od přírody. Nicméně pokud je u kaštanové hůlky použita za jádro blána z dračího srdce, může najít zalíbení v těch, kteří jsou obklopeni luxusem a množstvím věcí a jsou méně svědomití, než by měli být vzhledem k tomu, co všechno mají. Naopak, tři nejúspěšnější hlavy Starostolce vlastnily kaštanovou hůlku s jádrem z jednorožce, neb tato kombinace nalézá zálibu v těch, kdo se zabývají všemi druhy práva. Majitelé: Petter Pettigrew, profesor Kettleburn', true, '2025-06-02T12:12:08.812Z');
INSERT INTO "wand_woods" ("id", "name", "short_description", "long_description", "available_for_random", "created_at") VALUES (40, 'Tis', 'Temné a vzácné dřevo, spojující se s mocí nad životem a smrtí; nevybírá bojácné majitele a často se pojí s osudy hrdinů i zlosynů.', 'Tisové hůlky se vyskytují poměrně vzácně a stejně tak jejich ideální partneři bývají poněkud zvláštní, později se však většinou proslaví. Tisová hůlka prý obdaruje svého držitele mocí nad životem a smrtí, což se však dá říci o každé hůlce. Přesto má tis poměrně temnou a strašidelnou pověst v oblasti soubojů a vrhání kleteb. Bylo by však nefér říci (jak někteří, v hůlkařství nezběhlí, činí), že majitele tisových hůlek láká černá magie více než jiné. Čarodějka či kouzelník vlastnící hůlku z tisu se mohou stejně dobře prokázat jako nezdolní ochránci druhých. Hůlky vyřezané z tohoto, nejdéle dožívajícího se dřeva, byly nalezeny jak v rukách hrdinů, tak zlosynů (a zlodcer). Na hrobech majitelů tisových hůlek často stojí stromeček vyrostlý z čarodějovy hůlky, která tak chrání místo posledního odpočinku svého vlastníka. Co mohu z vlastních zkušeností potvrdit je, že tisové hůlky si nikdy nevybírají obyčejné či bojácné partnery. Majitelé: Tom R. Raddle', true, '2025-06-02T12:12:08.973Z');
INSERT INTO "wand_woods" ("id", "name", "short_description", "long_description", "available_for_random", "created_at") VALUES (39, 'Sykomora', 'Zvědavé a dobrodružné dřevo, které nesnáší nudu; hůlky ze sykomory vzplanou, pokud se jejich majitel nudí.', 'Hůlky ze sykomory jsou zvědavé a rády získávají nové zkušenosti, tudíž mohou poněkud ztratit na síle, pokud jsou používány k obyčejným každodenním věcem. Je takovou nebezpečnou výstředností těchto nádherných hůlek, že pokud se již dlouho "nudí", mohou samovolně vzplanout, a již mnoho čarodějek a kouzelníků, kteří se po dosáhnutí středních let rozhodli někde v klidu usadit, bylo poněkud vyvedeno z míry, když jim jejich, doteď spolehlivá hůlka, najednou vzplanula v ruce poté, co ji naposledy požádali, aby jim přinesla bačkory. Z toho lze vyvodit,že ideálním majitelem této hůlky bude někdo, kdo je zvědavý, dobrodružný a chvilku nepostojí na místě. Pokud takového majitele nalezne, dokáže projevit neobyčejnou schopnost učení a přizpůsobivosti, která ji právem řadí mezi nejdražší hůlky světa.', true, '2025-06-02T12:12:08.954Z');
INSERT INTO "wand_woods" ("id", "name", "short_description", "long_description", "available_for_random", "created_at") VALUES (43, 'Třešeň', 'Vzácné a smrtící dřevo, vyhledávané v japonské magii; vyžaduje majitele s pevnou sebekontrolou a silnou myslí.', 'Hůlky vyrobené z tohoto, pro výrobu hůlek velmi neobvyklého dřeva bývají často obdarovány podivnou silou, která je nejvíce ceněna studenty z kouzelnické školy Mahoutokoro (mahou 魔法 – čaroděj, tokoro 所 – místo, pozn. překl.) v Japonsku, kde ti, kdo vlastní takovou hůlku, mají velkou prestiž. Západní zákazník by měl zapomenout na veškeré představy, že díky růžovým květům ze živého stromu jsou třešňové hůlky frivolní či na ozdobu, hůlky dělané z třešňového dřeva mají opravdu smrtící sílu. Je vcelku jedno, jaké má jádro, avšak pokud je použita blána z dračího srdce, hůlka by nikdy neměla padnout do rukou čarodějky či kouzelníka, kteří nemají výjimečně silnou sebekontrolu a sílu mysli. Majitelé: Mary Cattermolová, druhá hůlka Nevilla Longbottoma', true, '2025-06-02T12:12:09.026Z');
INSERT INTO "wand_woods" ("id", "name", "short_description", "long_description", "available_for_random", "created_at") VALUES (14, 'Cedr', 'Silná a loajální hůlka pro důvtipné a bystré osobnosti s pevným morálním kompasem – nebezpečné, když jde o ochranu jejich blízkých.', 'Kdykoliv se setkám s někým, kdo u sebe nosí hůlku z cedru, najdu u něho silnou osobnost a neobvyklou loajalitu. Můj otec, Žervé Ollivander, vždycky říkával „Nikdy neoklameš majitele cedrové hůlky." A já souhlasím: cedrová hůlka najde dokonalý domov právě tam, kde je důvtip a postřeh. Avšak já bych šel v tomto tvrzení ještě dál než můj otec a dodal bych, že jsem nikdy nepotkal nositele cedrové hůlky, kterého by bylo radno rozzuřit, obzvláště pokud je ublíženo jeho blízkým. Čarodějka nebo čaroděj, kteří byli vybráni hůlkou z cedru, v sobě mají potenciál být nebezpečnými protivníky, což často bývá nepříjemným překvapením pro ty, kteří je lehkomyslně vyzvali k souboji.', true, '2025-06-02T12:12:08.473Z');
INSERT INTO "wand_woods" ("id", "name", "short_description", "long_description", "available_for_random", "created_at") VALUES (13, 'Buk', 'Elegantní a náročná hůlka pro moudré, tolerantní a zkušené čaroděje, kteří v ní probudí její výjimečnou jemnost a umění.', 'Správný protějšek bukové hůlky bude, pokud mladý, tak na svůj věk moudřejší, pokud dospělý, pak bohatý v porozumění a zkušenostech. Bukové hůlky velmi málo slouží omezeným a netolerantním. Takoví čarodějové a čarodějky, obdržíce bukovou hůlku bez řádného vybrání (prahnouce po této nejvíce žádané, nádherně barevné a velmi drahé hůlce) se poté často objevují na prazích domů zkušených hůlkařů – včetně toho mého – chtíce vědět, proč jejich úžasná hůlka nefunguje pořádně. Pokud však buková hůlka najde toho správného majitele, je schopná jemnosti a umění, které lze velmi zřídka nalézt u jakéhokoliv jiného dřeva, a proto má tak dobrou pověst.', true, '2025-06-02T12:12:08.454Z');
INSERT INTO "wand_woods" ("id", "name", "short_description", "long_description", "available_for_random", "created_at") VALUES (17, 'Černý bez', 'Tajuplná a mimořádně mocná hůlka určená pouze výjimečným kouzelníkům s osudovým posláním – odmítá sloužit komukoliv slabšímu.', 'Je to snad nejneobvyklejší hůlkové dřevo, navíc se o něm říká, že přináší smůlu, a hůlky z něho vyrobené lze velmi těžko ovládnout. Má v sobě velmi silnou magii, ale odmítá zůstat s kýmkoliv, kdo není ve své společnosti nadřazený. Pouze pozoruhodní a výjimeční čarodějové si dokáží bezovou hůlku udržet po delší dobu. Staré pořekadlo „bezová hůlka, chudoby půlka" má své základy v strachu z této hůlky, avšak stará pořekadla jsou neopodstatněná, a ti naivní hůlkaři, kteří odmítnou pracovat s černým bezem, tak dělají spíše proto, že pochybují, že by pak své výrobky prodali, než proto, že by z něho měli strach. Pravdou je, že pouze velmi neobyčejný kouzelník najde svůj dokonalý protějšek v černém bezu, a když tato vzácná situace nastane, jsem přesvědčený, že daná čarodějka či kouzelník jsou osudem vybráni pro nějaké mimořádné poslání. Navíc jsem během svého studia odkryl další zajímavý fakt, a to, že vlastníci těchto hůlek téměř vždy cítí silné spříznění s vlastníky hůlek z jeřábu.', true, '2025-06-02T12:12:08.529Z');
INSERT INTO "wand_woods" ("id", "name", "short_description", "long_description", "available_for_random", "created_at") VALUES (34, 'Modřín', 'Pevné a odolné dřevo, které vyžaduje odvážného a věrného majitele; hůlky z modřínu často odhalí skryté schopnosti svého držitele.', 'Pevný, odolný a v teplých barvách, takový je modřín, jehož dřevo bylo dlouho ceněno pro svůj příjemný vzhled a moc. Jeho pověst jako dřeva přímo přetékajícího odvahou a vírou ve svého partnera zajistila, že poptávka po něm vždy převýšila nabídku. Ačkoliv po této hůlce všichni přímo prahnou, je velmi složité vyhovět jejím požadavkům na správného majitele a je mnohem těžší ji ovládat, než by se na první pohled zdát. Přišel jsem na to, že hůlky z modřínu jsou skrytých talentů a nečekaných efektů, kterýžto popis se také skvěle hodí na jejich ideálního vlastníka. Často se stává, že kouzelníci či čarodějky hodící se k modřínové hůlce neodhalí plný rozsah svých schopností, dokud jim tato hůlka není přidělena, poté se z nich však stane velmi neobyčejný pár. Majitelé: Celestýna Warbecková', true, '2025-06-02T12:12:08.867Z');
INSERT INTO "wand_woods" ("id", "name", "short_description", "long_description", "available_for_random", "created_at") VALUES (41, 'Topol', 'Dřevo spolehlivé a zásadové, pro kouzelníky s jasnou morální vizí; ideální pro ty, kdo věří v pevné hodnoty.', '"Pokud hledáš bezúhonného člověka, rozhlédni se nejprve mezi topoly," znělo proslulé rčení mého dědečka, Gerbolda Ollivandera, a musím říci, že moje vlastní zkušenosti s topolovými hůlkami a jejich majiteli to nemohou nic než potvrdit. Zde máte hůlku na kterou se dá spolehnout, zásadovou, vládnoucí mocnou a stálou silou, hůlku, která nejraději pracuje s čarodějkami a čaroději, kteří před sebou mají jasnou morální vizi. Mezi hůlkařskými maloobchodníky se vypráví starý, otřepaný vtip, že hůlka z topolu si ještě nikdy nevybrala žádného politika, ale tím akorát dokazují svoji žalostnou neznalost – hned dva úspěšní ministři kouzel, Eldritch Diggory a Evangeline Orpington, vlastnily ušlechtilé, Ollivanderovské hůlky z topolu.', true, '2025-06-02T12:12:08.991Z');
INSERT INTO "wand_woods" ("id", "name", "short_description", "long_description", "available_for_random", "created_at") VALUES (36, 'Osika', 'Bílé a jemné dřevo, které nejlépe sluší sebevědomým duelantům a bojovým mágům; symbolem odvahy a výzev.', 'Hůlkově kvalitní osikové dřevo je bílé a jemnoleté, a také drahé u všech výrobců hůlek díky jeho podobnosti se slonovinou a jeho časté vynikající abilitě ke kouzlení. Pravý majitel osikové hůlky je často skvělým duelistou nebo k tomu byl alespoň předurčen, neboť osiková hůlka se hodí zejména k bojové magii. Nechvalně známý a tajnůstkářský zápasnický klub z osmnáctého století, který se přezdíval „Stříbrné oštěpy," byl známý tím, že přijímal pouze vlastníky osikových hůlek. Podle mých zkušeností bývají vlastníci hůlek z osiky sebevědomí a odhodlaní, a nejčastěji zaujatí novými výzvami a řády; toto je hůlka revolucionářů.', true, '2025-06-02T12:12:08.901Z');
INSERT INTO "wand_woods" ("id", "name", "short_description", "long_description", "available_for_random", "created_at") VALUES (37, 'Sekvoj', 'Vzácné a štěstí nepřinášející, ale přitahující kouzelníky s neotřelým úsudkem a schopností obrátit neštěstí ve svůj prospěch.', 'Jsou pouze malé zásoby hůlkově kvalitní sekvoje, přesto je po ní trvalý zájem, neboť se říká, že svému majiteli přináší štěstí. Jak to však obvykle s povídačkami o hůlkových dřevech bývá, pravda je v nich tak trochu naruby – sekvojové hůlky sami o sobě štěstí nenosí, avšak jsou přitahovány k čarodějkám a čarodějům, kteří již mají obdivuhodnou schopnost dopadnout na obě nohy, vybrat si to správné rozhodnutí, neštěstí využít ve svůj prospěch. Spojení takovéto čarodějky či kouzelníka se sekvojovou hůlkou je vždy zajímavé, a když někdo takový opustí můj obchod, většinou očekávám, že brzy uslyším o jeho neuvěřitelných kouscích.', true, '2025-06-02T12:12:08.919Z');
INSERT INTO "wand_woods" ("id", "name", "short_description", "long_description", "available_for_random", "created_at") VALUES (27, 'Javor', 'Vyhledávají je dobrodruzi a cestovatelé, kteří potřebují časté výzvy a změny prostředí. Hůlka s nimi roste a zvyšuje svou sílu.', 'Již mnohokrát jsem zpozoroval, že ti, které si vybrala hůlka z javoru, jsou dobrodruhy a cestovateli od přírody. Javorové hůlky nerady zůstávají doma a mají raději trochu té ambice ve své čarodějce či kouzelníkovi, jinak jejich kouzla težknou a ztrácejí na výraznosti. Čerstvé výzvy a častá změna prostředí tuto hůlku doslova rozzařují a ona sama se jakoby leští, jak spolu se svým partnerem nabývá na schopnostech i věhlasu. Je to krásné a žádané dřevo, a hůlkově kvalitní javor patří již po staletí mezi nejdražší dřeva. Vlastnictví javorové hůlky bylo dlouho známkou vysokého postavení díky její pověsti jakožto hůlky těch, co to daleko dotáhli.', true, '2025-06-02T12:12:08.725Z');
INSERT INTO "wand_woods" ("id", "name", "short_description", "long_description", "available_for_random", "created_at") VALUES (42, 'Trnka', 'Pevné dřevo pro válečníky a odolné jedince; hůlky z trnky potřebují majitele, kteří prošli těžkostmi, aby se skutečně spojili.', 'Trnka, což je velmi neobvyklé hůlkové dřevo, má pověst dřeva, dle mého názoru i zasloužilou, které se nejvíce hodí k válečníkům. To nemusí nutně znamenat, že se její vlastník zabývá černou magií (ačkoliv je nepopiratelné, že ti, kdo tak činí, si užívají nesmírnou moc trnkové hůlky); trnkové hůlky lze najít stejně dobře u bystrozorů, jako u obyvatel Azkabanu. Je to jeden ze zvláštních rysů trnkového keře, který je obrněn zákeřnými trny, že nejsladší plody plodí po těch nejtvrdších zimách, a hůlky vyrobeny z jeho dřeva zřejmě potřebují nejdříve projít nebezpečím a strádáním se svými majiteli, aby se k sobě skutečně připoutali. Vzhledem k této podmínce se trnkové hůlky stanou tak loajálními a spolehlivými, jak jen by si jeden mohl přát. Majitelé: Dle legendy hůlka Sira Cadogana', true, '2025-06-02T12:12:09.008Z');
INSERT INTO "wand_woods" ("id", "name", "short_description", "long_description", "available_for_random", "created_at") VALUES (46, 'Vlašský ořech', 'Ořechové hůlky jsou výzvou i darem pro chytré a inovativní kouzelníky. Požadují inteligenci a odhodlání, ale v rukou správného majitele jsou všestranné a smrtící. Jejich věrnost je tvrdě získaná, ale nezlomná.', 'Pokud se čaroděj či čarodějka zdá být vysoce inteligentní, je jemu či jí nejdříve nabídnuta na vyzkoušení hůlka z ořechu, neboť v devíti z deseti případů se toto spárování povede. Ořechové hůlky bývají často nalezeny v rukou kouzelnických vynálezců a průkopníků. Je to ušlechtilé dřevo a je neuvěřitelně přizpůsobivé a všestranné. Jen jedno varování: ač jsou některá dřeva obtížně ovládnutelná a mohou odmítat provést kouzla, jež se odklánějí od jejich přirozenosti, jakmile jednou někdo ovládne ořechovou hůlku, bez námitek provede cokoliv, co si bude její majitel přát, tedy za předpokladu, že je patřičně chytrý. Tím se stává takřka smrtícím nástrojem v rukou kouzelníka či čarodějky bez svědomí, a oba se od sebe budou učit jen tomu nejhoršímu. Majitelé: Bellatrix Lestrangeová', true, '2025-06-02T12:12:09.081Z');
INSERT INTO "wand_woods" ("id", "name", "short_description", "long_description", "available_for_random", "created_at") VALUES (47, 'Vrba', 'Vrba volí nejisté, ale nadějné kouzelníky, kteří se nebojí růstu. Její hůlky vynikají v léčivých a neverbálních kouzlech, reagují na skryté potenciály a podněcují rychlost i v nejtěžších chvílích.', 'Vrba je poněkud neobvyklým hůlkovým dřevem s léčivými schopnostmi, a jak jsem si povšiml, její ideální majitelé bývají v určitém směru (většinou nepodstatněle) nejistí, ač se mohou pokoušet to skrýt. Ačkoliv mnoho sebejistých zákazníků trvá na tom, že si vyzkouší vrbovou hůlku (zvábeni jejím krásným dřevem a pověstí perfektní hůlky pro pokročilejší, neverbální magii), mé vrbové hůlky si vždy vybrali ty, jenž v sobě skrývali velký potenciál, namísto těch, co si mysleli, že se již nemají mnoho co naučit. V mé rodině vzniklo takové pořekadlo, že "ten kdo má cestu nejdelší bude s vrbou rychlejší". Majitelé: Lily Evansová, druhá hůlka Rona Weasleyho.', true, '2025-06-02T12:12:09.104Z');
INSERT INTO "wand_woods" ("id", "name", "short_description", "long_description", "available_for_random", "created_at") VALUES (45, 'Vinná réva', 'Vinné hůlky si vybírají majitele s hlubokou vnitřní podstatou a představivostí. Jsou citlivé a reagují už při prvním kontaktu – ideální pro ty, kdo hledají smysl a tajemství v magii. Věrné těm, kteří nejsou povrchní.', 'Staří druidové považovali vše s dřevěným stonkem za strom a vzhledem k tomu, jak neobyčejným hůlkám dává víno vzniknout, v této starobylé tradici s radostí pokračuji. Vinné hůlky jsou velice neobvyklé a mne velmi překvapilo, když jsem zjistil, že se jejich partnery většinou stanou ty čarodějky a kouzelníci, jež často hledají v životě nějaký hlubší smysl, mívají neobyčejné představy a často překvapí i ty, kdo si mysleli, že je znají. Víno je velmi přitahováno k těm, jejichž charakter skrývá nějaké nepoznané hloubky. Zjistil jsem, že hůlky z vína jsou obzvláště citlivé, co se hledání toho pravého partnera týče. Důvěryhodné zdroje tvrdí, že tyto hůlky provádějí magické efekty už jen při vstupu jejich ideálního majitele do dveří obchodu, a já sám jsem toho byl dvakrát svědkem. Majitelé: Hermiona Grangerová', true, '2025-06-02T12:12:09.064Z');
INSERT INTO "wand_woods" ("id", "name", "short_description", "long_description", "available_for_random", "created_at") VALUES (33, 'Líska', 'Citlivá hůlka, která reaguje na emoce majitele, může ale také absorbovat negativní energii. Má schopnost hledat podzemní vodu.', 'Lísková hůlka je tak citlivá na emoce svého majitele, že často vadne, pokud je někdo předat jiné osobě nebo je nechat dlouho sám bez použití. Má zvláštní způsob vycítění vnitřních emocí. Jsou z ní velmi citlivé hůlky, které často odrážejí emocionální hladinu svého majitele, proto s nimi mohou nejlépe zacházet ti, kteří rozumí svým pocitům a dokážou je ovládat. Ti ostatní by si na takové hůlky měli dávat pozor, obzvláště pokud byl jejich majitel naštván či zažil nějaké životní zklamání, neb lísková hůlka takovou energii vstřebá a může ji kdykoliv vybít. To pozitivní na této hůlce, co tyto menší nepříjemnosti plně vyváží, je schopnost přesáhnout svá vlastní omezení při výjimečných událostech, kdy její majitel oplývá silným odhodláním. Taková hůlka často vrže kouzla, která by od ní nikdo neočekával, takže její majitel si to chvíli není jistý, jestli to přece jen neudělala ona sama.', true, '2025-06-02T12:12:08.849Z');
INSERT INTO "wand_woods" ("id", "name", "short_description", "long_description", "available_for_random", "created_at") VALUES (20, 'Dřín', 'Zlomyslné a hravé dřevo, vhodné pro čaroděje se smyslem pro humor a důvtip. Odmítá neverbální kouzla a je velmi hlučné.', 'Dřín je jeden z mých osobních favoritů, navíc jsem zjistil, že vybírání vlastníka hůlkou z dřínu je vždy velmi zábavné. Dřínové hůlky jsou nepředvídatelné a zlomyslné; mají hravou povahu a hledají partnery, kteří mají smysl pro humor a vzrušení. Bylo by však špatné myslet si, že dřínové hůlky nejsou schopny pořádné magie, když je tomu třeba; jsou známy tím, že dokáží vrhat výjimečné kletby v náročných podmínkách, a pokud je jejich majitel ještě patřičně chytrý a důvtipný, mohou být jejich kouzla přímo oslnivá. Zajímavou vlastností hůlek z dřínu je, že odmítají provádět neverbální kouzla a jsou často spíše hlučné.', true, '2025-06-02T12:12:08.595Z');
INSERT INTO "wand_woods" ("id", "name", "short_description", "long_description", "available_for_random", "created_at") VALUES (23, 'Hloh', 'Silné a rozporuplné dřevo, vhodné jak pro léčení, tak pro kletby. Vyžaduje zkušeného čaroděje, jinak může být nebezpečné.', 'Jeden výrobce hůlek jménem Gregorovič kdysi napsal, že "z hlohu pochází zvláštní, protiřečící si hůlky plné paradoxů, stejně jako strom, který jim dal vzniknout; jehož listy a květy léčí, zatímco z trnitých větví čiší smrt." I když obvykle s Gregorovičovými závěry nesouhlasím, shodneme se na tom, že hlohové hůlky jsou zvláštní a složité povahy, přesně jako čarodějky a kouzelníci, kteří se k nim nejlépe hodí. Hůlky z hlohu bývají velmi vhodné na léčivou magii, ale také jsou vynikající na kletby, a většinou jsem zpozoroval, že si rády vybírají čarodějky a čaroděje složité povahy nebo alespoň ty procházející obdobím vnitřního zmatku. Je složité stát se mistrem hlohové hůlky, a vždycky bych si pořádně rozmyslel, zda ji dát do rukou čarodějce či kouzelníkovi s prokázaným nadáním, protože důsledky by mohly být katastrofální. Hlohové hůlky mají jednu nebezpečnou vlastnost: pokud jimi vržená kouzla nejsou dobře zvládnutá, mají tendenci se odrážet zpět. Majitelé: Draco Malfoy', true, '2025-06-02T12:12:08.651Z');
INSERT INTO "wand_woods" ("id", "name", "short_description", "long_description", "available_for_random", "created_at") VALUES (11, 'Anglický dub', 'Silná, věrná a intuitivní hůlka pro čaroděje s odvahou, věrností a blízkým vztahem k přírodní magii.', 'To jsou hůlky vhodné v časech dobrých i zlých, a jsou věrnými přáteli kouzelníků, kteří si je zaslouží. Hůlky z anglického dubu požadují po svých partnerech sílu, odvahu a věrnost. Méně známý je fakt, že majitelé těchto hůlek mívají silnou intuici a často jsou přitahováni přírodní magií obklopující tvory i rostliny, jež jsou pro kouzelníky nezbytné jak na jejich kouzla, tak pro potěšení. Dub je nazýván králem lesa vládnoucím od zimního do letního slunovratu, a tudíž by jeho dřevo mělo být získáváno pouze v této době (královnou v čase, kdy den začíná znovu ubývat, je cesmína, takže ta by zase měla být sbírána pouze s koncem roku. Z toho možná plyne ona stará pověra: "když jeho hůlka z dubu a její z cesmíny, vzít se by byl omyl nesmírný", kteréžto pořekadlo mi osobně připadá jako nesmysl). Říká se, že Merlinova hůlka byla z anglického dubu (ale ježto se jeho hrob nikdy nenašel, nejsou pro to žádné důkazy). Majitelé: Rubeus Hagrid', true, '2025-06-02T12:12:08.417Z');
INSERT INTO "wand_woods" ("id", "name", "short_description", "long_description", "available_for_random", "created_at") VALUES (22, 'Habr', 'Věrná hůlka pro čaroděje s jedinou vášní nebo vizí, které se zcela oddají. Rychle přebírá morálku i styl svého majitele.', 'Má vlastní hůlka je dělaná z habru a proto je to ve vší skromnosti, pokud prohlašuji, že habrové hůlky si za své životní partnery vybírají talentované čarodějky a čaroděje s jedinou, čirou vášní, kterou by někteří mohli nazvat obsesí (ačkoliv já dávám přednost označení „vize"), která bude v podstatě vždy naplněna. Habrové hůlky se rychleji než většina ostatních hůlek sžije s majitelovým stylem kouzlení a získá tak vlastní osobnost, dokonce tak rychle, že ostatní lidé budou mít velký problém s ní vykouzlit i ty nejbanálnější formule. Habrové hůlky také vstřebají morální hodnoty svého majitele, ať už jsou jakékoliv, přičemž odmítnou udělat cokoliv – ať za dobrým či špatným účelem – co je proti zásadám jejich vlastníka. Jinak jsou habrové hůlky obzvláště dobře vylazené a vnímavé. Majitelé: Garrick Ollivander, Viktor Krum', true, '2025-06-02T12:12:08.631Z');
INSERT INTO "wand_woods" ("id", "name", "short_description", "long_description", "available_for_random", "created_at") VALUES (26, 'Jasan', 'Hůlky z jasanu pevně přilnou ke svému majiteli a ztrácejí sílu při předání jinému. Vhodné pro tvrdohlavé, statečné, ale ne arogantní kouzelníky.', 'Hůlky vyrobené z jasanu přilnou ke svému pravému mistru a neměli by se tedy darovávat nebo předávat od jejich původního majitele, protože pak ztratí svou sílu a schopnosti. Tato vlastnost je ještě posílena, pakliže je jejich jádro z jednorožce. Staré pověry o hůlkách bývají od pravdy poněkud vzdáleny, avšak zjišťuji, že na té staré rýmovačce zmiňující se o jeřábových, kaštanových, jasanových a lískových hůlkách (jeřáb drbna je, kaštan bručí, jasan vzdoruje, líska skučí), je možná trochu pravdy. Ty čarodějky a čarodějové, kteří byli vybráni jasanovou hůlkou, většinou nejsou, pokud vím, snadno odklonitelní od svých domněnek a záměrů. Nicméně drzá nebo přespříliš sebevědomá čarodějka či čaroděj, která často trvá na vyzkoušení hůlky z tohoto renomovaného dřeva, bude zklamána jejími slabými účinky. Ideální vlastník sice může být tvrdohlavý, a zcela určitě bude statečný, avšak nikdy ne hrubý či arogantní. Majitelé: Cedric Diggory, první hůlka Rona Weasleyho (původně Charlieho Weasleyho)', true, '2025-06-02T12:12:08.708Z');

-- Table: wand_cores
DELETE FROM "wand_cores";
INSERT INTO "wand_cores" ("id", "name", "category", "description", "available_for_random", "created_at", "category_sort_order") VALUES (29, 'Blána z dračího srdce', 'Tradiční', 'Mocné, temperamentní jádro, vhodné pro kouzelníky se silnou vůlí a odvahou. Skvělé pro bojové a transformační kouzla.', true, '2025-06-02T12:27:10.905Z', 1);
INSERT INTO "wand_cores" ("id", "name", "category", "description", "available_for_random", "created_at", "category_sort_order") VALUES (31, 'Pero fénixe', 'Tradiční', 'Nejpřizpůsobivější a nejtajemnější jádro. Umožňuje široké spektrum magie – včetně magií duše a smrti. Má silnou vlastní vůli.', true, '2025-06-02T12:27:10.905Z', 1);
INSERT INTO "wand_cores" ("id", "name", "category", "description", "available_for_random", "created_at", "category_sort_order") VALUES (30, 'Vlas z hřívy jednorožce', 'Tradiční', 'Velmi stabilní a spolehlivé jádro, výborné pro léčivá kouzla a čistou magii. Věrné a loajální svému původnímu majiteli.', true, '2025-06-02T12:27:10.905Z', 1);
INSERT INTO "wand_cores" ("id", "name", "category", "description", "available_for_random", "created_at", "category_sort_order") VALUES (32, 'Kořen mandragory (sušený, očarovaný)', 'Rostlinné', 'Silné spojení se zemí a životní silou. Vhodné pro léčitele a druidy.', false, '2025-06-02T12:27:10.905Z', 2);
INSERT INTO "wand_cores" ("id", "name", "category", "description", "available_for_random", "created_at", "category_sort_order") VALUES (33, 'Květ Asfodelu (uchovaný v kouzelnické pryskyřici)', 'Rostlinné', 'Vztah ke smrti a přechodu mezi světy. Vhodný pro nekromanty a spirituální mágy.', false, '2025-06-02T12:27:10.905Z', 2);
INSERT INTO "wand_cores" ("id", "name", "category", "description", "available_for_random", "created_at", "category_sort_order") VALUES (34, 'List měsíční kapradiny', 'Rostlinné', 'Posiluje iluze, neviditelnost, astrální projekci. Silné jádro pro mystiky a špehy.', false, '2025-06-02T12:27:10.905Z', 2);
INSERT INTO "wand_cores" ("id", "name", "category", "description", "available_for_random", "created_at", "category_sort_order") VALUES (37, 'Hadí jazyk (vzácný exemplář)', 'Tvorové', 'Vhodné pro hadomluvy, šepoty, temná zaklínadla a komunikaci se zvířaty.', false, '2025-06-02T12:27:10.905Z', 3);
INSERT INTO "wand_cores" ("id", "name", "category", "description", "available_for_random", "created_at", "category_sort_order") VALUES (36, 'Jed z akromantule (zakonzervovaný v vláknu)', 'Tvorové', 'Výborné pro subtilní, jedovatou magii – ovládání, iluze, temná alchymie.', false, '2025-06-02T12:27:10.905Z', 3);
INSERT INTO "wand_cores" ("id", "name", "category", "description", "available_for_random", "created_at", "category_sort_order") VALUES (38, 'Opeření z noční můry (stínového hippogryfa)', 'Tvorové', 'Posiluje kouzla spánku, vizí, nočních přeludů a astrální magie.', false, '2025-06-02T12:27:10.905Z', 3);
INSERT INTO "wand_cores" ("id", "name", "category", "description", "available_for_random", "created_at", "category_sort_order") VALUES (35, 'Zub vlkodlaka', 'Tvorové', 'Posiluje útočná kouzla, proměny a zvyšuje magickou agresi. Výborné pro temnou magii a kletby.', false, '2025-06-02T12:27:10.905Z', 3);
INSERT INTO "wand_cores" ("id", "name", "category", "description", "available_for_random", "created_at", "category_sort_order") VALUES (39, 'Dračí kámen (Bloodstone)', 'Minerální', 'Vztah k oběti a krvi. Vhodný pro rituální magii, léčitelství i prokletí.', false, '2025-06-02T12:27:10.905Z', 4);
INSERT INTO "wand_cores" ("id", "name", "category", "description", "available_for_random", "created_at", "category_sort_order") VALUES (41, 'Měsíční kámen', 'Minerální', 'Posiluje ženskou magii, věštění, vodní a lunární kouzla.', false, '2025-06-02T12:27:10.905Z', 4);
INSERT INTO "wand_cores" ("id", "name", "category", "description", "available_for_random", "created_at", "category_sort_order") VALUES (40, 'Obsidián s runovým leptem', 'Minerální', 'Skvělý pro magii štítů, run, ochranných kleteb. Pevný, spolehlivý.', false, '2025-06-02T12:27:10.905Z', 4);
INSERT INTO "wand_cores" ("id", "name", "category", "description", "available_for_random", "created_at", "category_sort_order") VALUES (42, 'Rudý jantar s duší hmyzího krále (alchymický artefakt)', 'Minerální', 'Podporuje experimentální magii a alchymii. Hůlka se „učí" s majitelem.', false, '2025-06-02T12:27:10.905Z', 4);
INSERT INTO "wand_cores" ("id", "name", "category", "description", "available_for_random", "created_at", "category_sort_order") VALUES (43, 'Vlas víly', 'Temnější', 'Na první pohled krásné a třpytivé, ale jádro je nestálé, nevyzpytatelné a často povrchní. Kouzla bývají efektní, ale málo stabilní.', false, '2025-06-02T12:27:29.922Z', 5);
INSERT INTO "wand_cores" ("id", "name", "category", "description", "available_for_random", "created_at", "category_sort_order") VALUES (49, 'Šupina černé mantikory', 'Temnější', 'Nebezpečné jádro pro silně destruktivní magii – výbuchy, jedy, smrtící pasti. Oblíbené mezi zabijáky a temnými alchymisty.', false, '2025-06-02T12:27:29.922Z', 5);
INSERT INTO "wand_cores" ("id", "name", "category", "description", "available_for_random", "created_at", "category_sort_order") VALUES (46, 'Krystalizovaná krev harpyje', 'Temnější', 'Posiluje emoce, rozvíjí kouzla založená na chtíči, hněvu, bolesti. Silné v temné magii a při obětních rituálech.', false, '2025-06-02T12:27:29.922Z', 5);
INSERT INTO "wand_cores" ("id", "name", "category", "description", "available_for_random", "created_at", "category_sort_order") VALUES (44, 'Nehet ďasovce', 'Temnější', 'Brutální a primitivní magie, často založená na síle a agresi. Jádro oblíbené u černokněžníků, kteří spoléhají na fyzickou destrukci.', false, '2025-06-02T12:27:29.922Z', 5);
INSERT INTO "wand_cores" ("id", "name", "category", "description", "available_for_random", "created_at", "category_sort_order") VALUES (45, 'Oko ghúla (zdeformované, zakleté)', 'Temnější', 'Oko má schopnost „vidět za roh", posiluje detekční a špehovací kouzla. Výborné pro černou špionáž.', false, '2025-06-02T12:27:29.922Z', 5);
INSERT INTO "wand_cores" ("id", "name", "category", "description", "available_for_random", "created_at", "category_sort_order") VALUES (47, 'Peří z upířího netopýra', 'Temnější', 'Dobré pro magii stínů, ticha, únikových kouzel a noční manipulace. Mistr v magickém skrývání.', false, '2025-06-02T12:27:29.922Z', 5);
INSERT INTO "wand_cores" ("id", "name", "category", "description", "available_for_random", "created_at", "category_sort_order") VALUES (48, 'Slina banshee (vysušená v tkanině smrti)', 'Temnější', 'Výjimečné pro kouzla smutku, bolesti, zaklínání duchů a smrtelných předtuch.', false, '2025-06-02T12:27:29.922Z', 5);
INSERT INTO "wand_cores" ("id", "name", "category", "description", "available_for_random", "created_at", "category_sort_order") VALUES (50, 'Vlákno mozkomora (extrémně zakázané)', 'Temnější', 'Temné jádro schopné manipulovat se vzpomínkami a vůlí jiných. Vhodné pro mistrné ovládání myslí a bezcitnou černou magii.', false, '2025-06-02T12:27:29.922Z', 5);

-- Table: wand_lengths
DELETE FROM "wand_lengths";
INSERT INTO "wand_lengths" ("id", "name", "description", "available_for_random", "created_at", "sort_order") VALUES (26, '7"', 'Krátká, vhodná pro precizní, rychlé kouzlení. Často u velmi mladých čarodějů nebo osob s přesnou kontrolou.', true, '2025-06-02T12:30:11.340Z', 1);
INSERT INTO "wand_lengths" ("id", "name", "description", "available_for_random", "created_at", "sort_order") VALUES (27, '8"', 'Lehce podprůměrná, oblíbená u diskrétních, taktických kouzelníků.', true, '2025-06-02T12:30:11.340Z', 2);
INSERT INTO "wand_lengths" ("id", "name", "description", "available_for_random", "created_at", "sort_order") VALUES (28, '9"', 'Neutrální délka, snadno ovladatelná – vhodná pro většinu uživatelů.', true, '2025-06-02T12:30:11.340Z', 3);
INSERT INTO "wand_lengths" ("id", "name", "description", "available_for_random", "created_at", "sort_order") VALUES (29, '10"', 'Běžná délka. Vyvážená hůlka pro různorodé účely.', true, '2025-06-02T12:30:11.340Z', 4);
INSERT INTO "wand_lengths" ("id", "name", "description", "available_for_random", "created_at", "sort_order") VALUES (30, '11"', 'Mírně delší, ideální pro čaroděje se silným charakterem nebo rozsáhlou magickou silou.', true, '2025-06-02T12:30:11.340Z', 5);
INSERT INTO "wand_lengths" ("id", "name", "description", "available_for_random", "created_at", "sort_order") VALUES (31, '12"', 'Výrazná hůlka, častá u mágů s dominantní povahou nebo hlubokým nitrem.', true, '2025-06-02T12:30:11.340Z', 6);
INSERT INTO "wand_lengths" ("id", "name", "description", "available_for_random", "created_at", "sort_order") VALUES (32, '13"', 'Pro ty, kteří mají neobyčejný potenciál nebo extrémní specializaci.', false, '2025-06-02T12:30:11.340Z', 7);
INSERT INTO "wand_lengths" ("id", "name", "description", "available_for_random", "created_at", "sort_order") VALUES (33, '14"', 'Dlouhá hůlka, vhodná pro formální, velkolepou nebo rituální magii.', false, '2025-06-02T12:30:11.340Z', 8);
INSERT INTO "wand_lengths" ("id", "name", "description", "available_for_random", "created_at", "sort_order") VALUES (34, '15"', 'Rarita – vyžaduje silné zaměření, ale odmění velkým dosahem a účinkem.', false, '2025-06-02T12:30:11.340Z', 9);
INSERT INTO "wand_lengths" ("id", "name", "description", "available_for_random", "created_at", "sort_order") VALUES (35, '16+"', 'Neobvyklá až výstřední délka. Obvykle jen u obrů, divotvůrců nebo výjimečných osobností.', false, '2025-06-02T12:30:11.340Z', 10);

-- Table: wand_flexibilities
DELETE FROM "wand_flexibilities";
INSERT INTO "wand_flexibilities" ("id", "name", "description", "available_for_random", "created_at") VALUES (28, 'Výjimečně poddajná', 'Až nezvyklá měkkost, ale schopnost reagovat na jemné impulzy.', true, '2025-06-02T12:28:45.836Z');
INSERT INTO "wand_flexibilities" ("id", "name", "description", "available_for_random", "created_at") VALUES (22, 'Mírně nepoddajná', 'Stále tvrdá, ale snese kompromis s podobně silnou osobností.', true, '2025-06-02T12:28:45.836Z');
INSERT INTO "wand_flexibilities" ("id", "name", "description", "available_for_random", "created_at") VALUES (21, 'Nepoddajná', 'Odolná změnám, vhodná pro konzervativní nebo zásadové čaroděje.', true, '2025-06-02T12:28:45.836Z');
INSERT INTO "wand_flexibilities" ("id", "name", "description", "available_for_random", "created_at") VALUES (19, 'Nezlomná', 'Extrémně vzácná, silně spojená s jediným majitelem. Věrná do posledního dechu.', true, '2025-06-02T12:28:45.836Z');
INSERT INTO "wand_flexibilities" ("id", "name", "description", "available_for_random", "created_at") VALUES (25, 'Ohebná', 'Schopná adaptace, oblíbená u čarodějů, kteří se vyvíjejí nebo přizpůsobují.', true, '2025-06-02T12:28:45.836Z');
INSERT INTO "wand_flexibilities" ("id", "name", "description", "available_for_random", "created_at") VALUES (23, 'Pevná', 'Spolehlivá, stabilní, dobrá volba pro vyrovnané a disciplinované čaroděje.', true, '2025-06-02T12:28:45.836Z');
INSERT INTO "wand_flexibilities" ("id", "name", "description", "available_for_random", "created_at") VALUES (26, 'Pružná', 'Výborná volba pro flexibilní, vynalézavé nebo empatické osobnosti.', true, '2025-06-02T12:28:45.836Z');
INSERT INTO "wand_flexibilities" ("id", "name", "description", "available_for_random", "created_at") VALUES (24, 'Tvrdá', 'Lehce nepružná, ale funkční, vhodná pro magii vyžadující pevnou ruku.', true, '2025-06-02T12:28:45.836Z');
INSERT INTO "wand_flexibilities" ("id", "name", "description", "available_for_random", "created_at") VALUES (20, 'Velmi nepoddajná', 'Silně tvrdohlavá, pracuje pouze s dominantní osobností nebo silnou vůlí.', true, '2025-06-02T12:28:45.836Z');
INSERT INTO "wand_flexibilities" ("id", "name", "description", "available_for_random", "created_at") VALUES (27, 'Velmi pružná', 'Rychle se přizpůsobuje, ideální pro chaotické nebo nevyzpytatelné mágy.', true, '2025-06-02T12:28:45.836Z');
INSERT INTO "wand_flexibilities" ("id", "name", "description", "available_for_random", "created_at") VALUES (29, 'Vrbovitá', 'Metaforická i fyzická označení pro hůlku, která „tancuje" s energií uživatele – častá u empatů a intuitivních kouzelníků.', true, '2025-06-02T12:28:45.836Z');

-- Table: wands
DELETE FROM "wands";
INSERT INTO "wands" ("id", "character_id", "wood", "core", "length", "flexibility", "description", "acquired_at") VALUES (1, 2, 'Hloh', '🔥 Pero fénixe', '15"', 'Vrbovitá', 'Hůlka z hloh, 15" dlouhá, vrbovitá, s jádrem 🔥 pero fénixe. Vybrána Ollivanderem osobně pro svého nového majitele.', '2025-05-30T17:34:49.578Z');
INSERT INTO "wands" ("id", "character_id", "wood", "core", "length", "flexibility", "description", "acquired_at") VALUES (2, 1, 'Jasan', '🌸 Květ Asfodelu (uchovaný v kouzelnické pryskyřici)', '12"', 'Pevná', 'Hůlka z jasan, 12" dlouhá, pevná, s jádrem 🌸 květ asfodelu (uchovaný v kouzelnické pryskyřici). Pečlivě vybrána podle přání svého majitele.', '2025-05-30T17:57:40.133Z');
INSERT INTO "wands" ("id", "character_id", "wood", "core", "length", "flexibility", "description", "acquired_at") VALUES (3, 7, 'Borovice', '🦄 Vlas z hřívy jednorožce', '9"', 'Nepoddajná', 'Hůlka z borovice, 9" dlouhá, nepoddajná, s jádrem 🦄 vlas z hřívy jednorožce. Vybrána Ollivanderem osobně pro svého nového majitele.', '2025-06-01T19:25:30.089Z');
INSERT INTO "wands" ("id", "character_id", "wood", "core", "length", "flexibility", "description", "acquired_at") VALUES (4, 12, 'Vrba', '🔥 Pero fénixe', '12"', 'Pevná', 'Hůlka z vrba, 12" dlouhá, pevná, s jádrem 🔥 pero fénixe. Vybrána Ollivanderem osobně pro svého nového majitele.', '2025-06-01T19:44:56.313Z');
INSERT INTO "wands" ("id", "character_id", "wood", "core", "length", "flexibility", "description", "acquired_at") VALUES (5, 13, 'Vrba', '🦄 Vlas z hřívy jednorožce', '13"', 'Pružná', 'Hůlka z vrba, 13" dlouhá, pružná, s jádrem 🦄 vlas z hřívy jednorožce. Pečlivě vybrána podle přání svého majitele.', '2025-06-01T20:16:15.504Z');
INSERT INTO "wands" ("id", "character_id", "wood", "core", "length", "flexibility", "description", "acquired_at") VALUES (6, 6, 'Topol', 'Blána z dračího srdce', '11"', 'Nezlomná', 'Hůlka z topol, 11" dlouhá, nezlomná, s jádrem blána z dračího srdce. Vybrána Ollivanderem osobně pro svého nového majitele.', '2025-06-08T14:40:14.421Z');
INSERT INTO "wands" ("id", "character_id", "wood", "core", "length", "flexibility", "description", "acquired_at") VALUES (7, 17, 'Vlašský ořech', 'Blána z dračího srdce', '8"', 'Nepoddajná', 'Hůlka z vlašský ořech, 8" dlouhá, nepoddajná, s jádrem blána z dračího srdce. Vybrána Ollivanderem osobně pro svého nového majitele.', '2025-06-08T15:08:21.979Z');
INSERT INTO "wands" ("id", "character_id", "wood", "core", "length", "flexibility", "description", "acquired_at") VALUES (8, 18, 'Hloh', 'Vlas z hřívy jednorožce', '10"', 'Nepoddajná', 'Hůlka z hloh, 10" dlouhá, nepoddajná, s jádrem vlas z hřívy jednorožce. Vybrána Ollivanderem osobně pro svého nového majitele.', '2025-06-08T15:11:23.891Z');
INSERT INTO "wands" ("id", "character_id", "wood", "core", "length", "flexibility", "description", "acquired_at") VALUES (9, 16, 'Líska', 'Šupina černé mantikory', '13"', 'Nepoddajná', 'Fakt hrozně hnusná evil hůlka fuj', '2025-06-08T15:11:35.538Z');
INSERT INTO "wands" ("id", "character_id", "wood", "core", "length", "flexibility", "description", "acquired_at") VALUES (10, 15, 'Vinná réva', 'Kořen mandragory (sušený, očarovaný)', '7"', 'Nezlomná', 'Nejedná se vůbec o hůlku jako takovou, nýbrž o totem. Podobně jako hůlka se skládá ze dvou částí. Jednou je klasická ergonomická rukojeť s protiskluzovým vyřezáváním. Z rukojeti však místo hrotu vyskakuje vyřezávaný gepard.', '2025-06-08T15:41:55.997Z');
INSERT INTO "wands" ("id", "character_id", "wood", "core", "length", "flexibility", "description", "acquired_at") VALUES (11, 19, 'Červený dub', 'Pero fénixe', '8"', 'Výjimečně poddajná', 'Hůlka z červený dub, 8" dlouhá, výjimečně poddajná, s jádrem pero fénixe. Vybrána Ollivanderem osobně pro svého nového majitele.', '2025-06-08T15:46:32.215Z');

